timestamp,m1,m2,m3,m4,m5,m6,acc1,acc2,acc3,acc4,acc5,acc6,meta_label
2024-06-04 16:00:00+00:00,0.21984705,0.0521290460493265,0.156,-0.005169401,0.0708486209631545,0.093841426,0.5,0.5,0.5,0.5,0.5,0.5,1
2024-06-05 12:00:00+00:00,0.31550726,0.1889820294144951,0.1101887261888898,-0.00015139091,0.0202871213839504,0.37591776,1.0,1.0,1.0,1.0,1.0,1.0,0
2024-06-05 16:00:00+00:00,0.29730615,0.0196555510815786,0.4260689254661556,-0.0043560727,0.0933130019826572,0.797032,1.0,1.0,1.0,1.0,1.0,1.0,1
2024-06-06 12:00:00+00:00,0.34578872,0.0089993226019468,0.3329618692129094,0.0015457944,0.0918378606822157,0.56726044,1.0,1.0,1.0,1.0,1.0,0.6666666666666666,1
2024-06-06 16:00:00+00:00,0.6327182,0.0295200223925456,0.553953148386296,0.009221928,0.0554405288795346,0.6345637,1.0,1.0,1.0,1.0,1.0,0.5,1
2024-06-07 12:00:00+00:00,0.8742826,0.0164101933113963,0.2350725802199375,0.0007159081,0.2119647913264613,0.54841584,0.8,1.0,0.8,1.0,1.0,0.4,0
2024-06-07 16:00:00+00:00,0.53413373,0.511832165462686,0.2847743451663286,-0.0066117947,0.1264615872931281,0.5867047,0.6666666666666666,1.0,0.8333333333333334,1.0,1.0,0.3333333333333333,0
2024-06-10 12:00:00+00:00,0.2723568,0.4714554456385888,0.1833551054154609,-0.0054418705,0.0263616428531459,0.4108989,0.5714285714285714,0.8571428571428571,0.8571428571428571,1.0,1.0,0.2857142857142857,0
2024-06-10 16:00:00+00:00,0.25173536,0.6168059718754484,0.1786067415730337,-0.0051610535,0.3116507180367805,0.55171204,0.625,0.875,0.875,1.0,1.0,0.375,0
2024-06-11 12:00:00+00:00,0.14672776,0.041858686212876,0.4644214039727521,-0.012166728,0.2997806034745756,0.39576456,0.6666666666666666,0.7777777777777778,0.8888888888888888,1.0,1.0,0.3333333333333333,1
2024-06-11 16:00:00+00:00,0.20709118,0.0167493733315644,0.1383710325599581,-0.0020595144,0.1903825344478421,0.6443274,0.7,0.8,0.9,1.0,1.0,0.4,1
2024-06-12 12:00:00+00:00,0.8267274,0.452464342894497,0.06,0.022309486,0.8755361911192282,0.5121891,0.7272727272727273,0.8181818181818182,0.9090909090909092,1.0,1.0,0.3636363636363636,0
2024-06-12 16:00:00+00:00,0.8650087,0.3789007732668928,0.2591607127298833,-0.0052814214,0.4766027663790266,0.2355482,0.6666666666666666,0.8333333333333334,0.9166666666666666,1.0,0.9166666666666666,0.3333333333333333,1
2024-06-13 12:00:00+00:00,0.87040603,0.0962375726660555,0.2095914388445949,0.014311087,0.3331424596471899,0.27882013,0.6153846153846154,0.8461538461538461,0.9230769230769232,1.0,0.9230769230769232,0.3846153846153846,0
2024-06-13 16:00:00+00:00,0.6535435,0.1926177313382435,0.2118998911785303,-0.005036081,0.3196562026354786,0.3565533,0.5714285714285714,0.8571428571428571,0.9285714285714286,1.0,0.9285714285714286,0.4285714285714285,1
2024-06-13 20:00:00+00:00,0.58732533,0.2033049862299414,0.036,0.007408066,0.0315131430136898,0.7376827,0.5333333333333333,0.8666666666666667,0.9333333333333332,1.0,0.9333333333333332,0.4666666666666667,0
2024-06-14 12:00:00+00:00,0.32342535,0.1207056904838587,0.14,-0.018327616,0.7629595731233926,0.5494302,0.5,0.875,0.9375,1.0,0.9375,0.4375,1
2024-06-14 16:00:00+00:00,0.3935174,0.0254642461192288,0.132,0.00015115799,0.0761811933244463,0.50521535,0.5294117647058824,0.8823529411764706,0.9411764705882352,1.0,0.8823529411764706,0.4117647058823529,1
2024-06-17 12:00:00+00:00,0.71924967,0.034892452634299,0.332,0.012452365,0.9484323055001508,0.43630347,0.5555555555555556,0.8888888888888888,0.9444444444444444,1.0,0.8888888888888888,0.3888888888888889,1
2024-06-17 16:00:00+00:00,0.6731588,0.0355879751378299,0.2694871455517652,0.0058319904,0.4996278277317453,0.48868075,0.5263157894736842,0.8947368421052632,0.9473684210526316,1.0,0.8421052631578947,0.4210526315789473,0
2024-06-18 12:00:00+00:00,0.41503748,0.1084389402345297,0.241196361530832,-0.0066251555,0.2465146016588516,0.41476116,0.5,0.9,0.95,1.0,0.85,0.45,1
2024-06-18 16:00:00+00:00,0.5407644,0.0244748412555263,0.1823828771762786,-0.004212467,0.2365588810146088,0.554923,0.5238095238095238,0.9047619047619048,0.9523809523809524,1.0,0.8571428571428571,0.4761904761904761,0
2024-06-20 12:00:00+00:00,0.43035376,0.0420913745196437,0.08209519583785,-0.0055343388,0.1744174181295624,0.50103754,0.5,0.9090909090909092,0.9545454545454546,1.0,0.8636363636363636,0.4545454545454545,0
2024-06-20 16:00:00+00:00,0.38041312,0.0466640318536903,0.0761478151284377,0.0027727047,0.242438509559048,0.5539764,0.5217391304347826,0.9130434782608696,0.9565217391304348,1.0,0.8695652173913043,0.4347826086956521,1
2024-06-21 12:00:00+00:00,0.5082774,0.0304989920979142,0.4323037694597079,0.0018725919,0.0968792959861216,0.51616174,0.5416666666666666,0.9166666666666666,0.9583333333333334,1.0,0.875,0.4166666666666667,1
2024-06-21 16:00:00+00:00,0.6384985,0.0072410629087733,0.2702662143019518,0.004235768,0.0586437589275388,0.59498125,0.52,0.92,0.96,1.0,0.88,0.4,1
2024-06-24 12:00:00+00:00,0.721405,0.0139686579539837,0.2302619819014684,0.005264571,0.0213879836845226,0.45793936,0.5,0.9230769230769232,0.9615384615384616,1.0,0.8846153846153846,0.3846153846153846,0
2024-06-24 16:00:00+00:00,0.54084176,0.2894541638491105,0.238076807299456,-0.0041208053,0.0928773364050475,0.4435079,0.4814814814814814,0.925925925925926,0.9629629629629628,1.0,0.8888888888888888,0.4074074074074074,1
2024-06-25 12:00:00+00:00,0.718325,0.7083032212901608,0.1703999800344953,0.0159804,0.1135308981387605,0.55635226,0.4642857142857143,0.9285714285714286,0.9642857142857144,1.0,0.8928571428571429,0.4285714285714285,1
2024-06-25 16:00:00+00:00,0.71869797,0.1248134465195506,0.0632463110308659,0.0015313093,0.075088874887291,0.53907824,0.4482758620689655,0.896551724137931,0.9655172413793104,1.0,0.896551724137931,0.4137931034482758,1
2024-06-26 12:00:00+00:00,0.80906034,0.9772209862552708,0.4375754840122403,0.016525712,0.9214228788447664,0.56514484,0.4333333333333333,0.9,0.9666666666666668,1.0,0.9,0.4,1
2024-06-26 16:00:00+00:00,0.7949848,0.7804436189680423,0.1815491682169439,0.007214803,0.1599314144352701,0.576624,0.4193548387096774,0.8709677419354839,0.967741935483871,1.0,0.8709677419354839,0.3870967741935484,0
2024-06-27 12:00:00+00:00,0.636088,0.2824785456987041,0.2964344915272925,-0.005934706,0.0417641807774661,0.54683363,0.40625,0.84375,0.96875,1.0,0.875,0.375,1
2024-06-27 16:00:00+00:00,0.61802673,0.8016100364320938,0.223054750292724,0.006504425,0.2469583103998746,0.52650166,0.3939393939393939,0.8484848484848485,0.9696969696969696,1.0,0.8787878787878788,0.3636363636363636,1
2024-06-28 12:00:00+00:00,0.5726427,0.7593090814420678,0.1125143687520356,0.008717784,0.0109033317992254,0.47198147,0.3823529411764705,0.8235294117647058,0.9705882352941176,1.0,0.8823529411764706,0.3529411764705882,0
2024-06-28 16:00:00+00:00,0.60108846,0.3760845685234164,0.4001188269061864,-0.0002601058,0.2203141653999272,0.4910971,0.3714285714285714,0.8,0.9714285714285714,1.0,0.8857142857142857,0.3714285714285714,1
2024-07-01 12:00:00+00:00,0.81510204,0.957148022025533,0.128,0.01999548,0.9491776947648144,0.32458317,0.3611111111111111,0.8055555555555556,0.9722222222222222,1.0,0.8888888888888888,0.3888888888888889,0
2024-07-01 16:00:00+00:00,0.6150496,0.4508658772359417,0.024,0.0017177734,0.1656467258482257,0.32112506,0.3513513513513513,0.7837837837837838,0.972972972972973,1.0,0.8648648648648649,0.4054054054054054,0
2024-07-01 20:00:00+00:00,0.5589171,0.1317855677934801,0.045996966203507,0.00020847196,0.058097221129984,0.4342222,0.3421052631578947,0.7894736842105263,0.9736842105263158,1.0,0.868421052631579,0.4210526315789473,1
2024-07-02 12:00:00+00:00,0.8883553,0.9270603607423415,0.092,0.025211202,0.8358494643523527,0.25339136,0.3333333333333333,0.7948717948717948,0.9743589743589745,1.0,0.8717948717948718,0.4358974358974359,1
2024-07-02 16:00:00+00:00,0.84222496,0.7787789139480921,0.072,0.014993851,0.1564762209544392,0.6230851,0.325,0.775,0.975,1.0,0.85,0.45,0
2024-07-02 20:00:00+00:00,0.7094154,0.3509830228735054,0.264,0.0007279914,0.2163432052596931,0.5434825,0.3170731707317073,0.7560975609756098,0.975609756097561,1.0,0.8536585365853658,0.4390243902439024,1
2024-07-03 12:00:00+00:00,0.78993195,0.6134309258526618,0.208,0.025172161,0.4480465269050695,0.299856,0.3095238095238095,0.7619047619047619,0.9761904761904762,1.0,0.8571428571428571,0.4285714285714285,1
2024-07-03 16:00:00+00:00,0.6692986,0.3638450682106379,0.2950944876284633,0.011280039,0.055117065214546,0.53727674,0.3023255813953488,0.7441860465116279,0.9767441860465116,1.0,0.8604651162790697,0.4418604651162791,1
2024-07-05 12:00:00+00:00,0.6950479,0.01056567642047,0.184,0.0036584318,0.0926583145939425,0.86819917,0.2954545454545454,0.75,0.9772727272727272,1.0,0.8636363636363636,0.4318181818181818,1
2024-07-05 16:00:00+00:00,0.602166,0.015824762552788,0.3370138254270828,0.001421219,0.2572506551896549,0.899988,0.2888888888888888,0.7555555555555555,0.9777777777777776,1.0,0.8666666666666667,0.4222222222222222,1
2024-07-05 20:00:00+00:00,0.6924546,0.036028705103391,0.2602282876706259,-0.0034355416,0.1564676997369568,0.75349283,0.2826086956521739,0.7608695652173914,0.9782608695652174,1.0,0.8695652173913043,0.4130434782608695,1
2024-07-08 12:00:00+00:00,0.676529,0.367772676442797,0.3326309439313236,0.0045143743,0.1850883724019963,0.6354105,0.2765957446808511,0.7659574468085106,0.9787234042553192,1.0,0.8723404255319149,0.4042553191489361,0
2024-07-08 16:00:00+00:00,0.6034974,0.9119532298883424,0.2888217892551867,-0.008997917,0.2182707937176664,0.5990418,0.2708333333333333,0.7708333333333334,0.9791666666666666,1.0,0.875,0.3958333333333333,1
2024-07-09 12:00:00+00:00,0.799361,0.6477063641518439,0.401414989359757,0.014190756,0.9564766817542916,0.29155794,0.2653061224489796,0.7551020408163265,0.979591836734694,1.0,0.8775510204081632,0.3877551020408163,1
2024-07-09 16:00:00+00:00,0.6973129,0.0359473482113942,0.2211319255194957,0.011534909,0.0406567776738266,0.7133452,0.26,0.74,0.98,1.0,0.86,0.4,1
2024-07-09 20:00:00+00:00,0.65657675,0.033089491079419,0.4029054821668031,0.0050192894,0.7621352316151845,0.96635467,0.24,0.74,0.98,1.0,0.86,0.38,1
2024-07-10 12:00:00+00:00,0.67546296,0.1264971758913059,0.04,0.0008343022,0.1313347163267323,0.8706477,0.22,0.74,0.98,1.0,0.84,0.36,1
2024-07-10 16:00:00+00:00,0.62906045,0.9573718147455534,0.3097104620675949,0.0013649228,0.1664624416542358,0.6942468,0.2,0.74,0.98,1.0,0.84,0.36,0
2024-07-10 20:00:00+00:00,0.697305,0.5979048572832731,0.3910731093965502,-0.0008948036,0.239796373449,0.72570974,0.18,0.72,0.98,1.0,0.84,0.36,0
2024-07-11 12:00:00+00:00,0.17853549,0.2189275677199698,0.3552382472816565,-0.02228668,0.8369433205171188,0.41165313,0.18,0.7,1.0,1.0,0.84,0.36,0
2024-07-11 16:00:00+00:00,0.30149734,0.0394993967299304,0.392754854651079,-0.019848857,0.116651559008812,0.55986476,0.2,0.7,1.0,1.0,0.82,0.38,0
2024-07-11 20:00:00+00:00,0.35750362,0.3880967605077267,0.3546016576546445,-0.010264803,0.7804031848562853,0.6603238,0.22,0.72,1.0,1.0,0.82,0.38,1
2024-07-12 12:00:00+00:00,0.5274402,0.2350518232025063,0.4259778237026359,0.016531909,0.8660858919992984,0.58313686,0.22,0.72,1.0,1.0,0.8,0.36,0
2024-07-12 16:00:00+00:00,0.48944098,0.035030103715096,0.4166120689264457,0.00013139842,0.246699344505901,0.549397,0.2,0.74,1.0,1.0,0.78,0.36,1
2024-07-12 20:00:00+00:00,0.45928815,0.4461272474449921,0.5917550802288993,-0.0017870878,0.5822368878137854,0.6972068,0.2,0.74,1.0,1.0,0.78,0.34,1
2024-07-15 12:00:00+00:00,0.6778848,0.1097123885440149,0.5174816446576396,0.014264302,0.0991082443297107,0.6054658,0.2,0.74,0.98,1.0,0.76,0.34,0
2024-07-15 16:00:00+00:00,0.48921657,0.6196416837257986,0.445074509086911,-0.0113086365,0.4380935166640687,0.6472025,0.2,0.74,0.96,1.0,0.78,0.34,1
2024-07-16 12:00:00+00:00,0.48328456,0.0575469637574446,0.432465416832912,0.00023119444,0.064798044987138,0.1678265,0.22,0.72,0.96,1.0,0.78,0.32,1
2024-07-16 16:00:00+00:00,0.6203814,0.0191715647371137,0.4599068626875083,0.0027830407,0.1856954536570793,0.86231595,0.24,0.72,0.96,1.0,0.78,0.32,0
2024-07-16 20:00:00+00:00,0.6864564,0.0082834727619325,0.5356074510086837,-0.0017411798,0.4236818466992681,0.8090982,0.24,0.72,0.96,1.0,0.78,0.3,0
2024-07-17 12:00:00+00:00,0.3979847,0.0622168870270654,0.4741653081437643,-0.012981294,0.1700153781798034,0.555198,0.24,0.72,0.94,1.0,0.78,0.3,1
2024-07-17 16:00:00+00:00,0.33812875,0.0333224177814049,0.4995074248843703,-0.0025022111,0.1263381032215287,0.5448841,0.24,0.72,0.94,1.0,0.8,0.3,1
2024-07-18 12:00:00+00:00,0.5244937,0.4026526388475958,0.5015052915037478,0.0064624934,0.0796718247598312,0.44230732,0.24,0.72,0.94,1.0,0.8,0.3,0
2024-07-18 16:00:00+00:00,0.45237774,0.7107160347341577,0.4855870983044307,-0.00417364,0.2041490365097782,0.6007552,0.24,0.72,0.92,1.0,0.82,0.3,0
2024-07-19 12:00:00+00:00,0.48535162,0.1194437343038341,0.4959306470733809,-0.013687965,0.3986873913543633,0.31441143,0.26,0.7,0.92,1.0,0.82,0.28,0
2024-07-19 16:00:00+00:00,0.46338373,0.2357398108554725,0.5179117292172616,-0.010758068,0.1888863371175986,0.421754,0.26,0.7,0.92,1.0,0.82,0.28,1
2024-07-19 20:00:00+00:00,0.46929565,0.0738118964919108,0.5607735760517522,-0.00074325106,0.3661232891832975,0.4910713,0.28,0.7,0.9,1.0,0.82,0.3,1
2024-07-22 12:00:00+00:00,0.64803755,0.4361905017815726,0.5630467862039806,0.019309055,0.1576144187034017,0.73592764,0.28,0.7,0.88,1.0,0.82,0.32,1
2024-07-22 16:00:00+00:00,0.6738481,0.2666351158467917,0.512813911795728,0.00837185,0.1828429875144343,0.7163438,0.26,0.7,0.86,1.0,0.82,0.32,0
2024-07-23 12:00:00+00:00,0.6705049,0.7204530899057795,0.5346740694637865,-0.0010634314,0.0527022930413973,0.4553895,0.26,0.7,0.84,1.0,0.82,0.32,0
2024-07-23 16:00:00+00:00,0.59352154,0.5455873877496905,0.5291443640157134,-0.008173425,0.5531908038265764,0.1025804,0.26,0.68,0.82,1.0,0.82,0.34,0
2024-07-23 20:00:00+00:00,0.4578514,0.494380476603915,0.5322730057816982,-0.019074177,0.134927183711249,0.35944253,0.26,0.66,0.8,1.0,0.8,0.34,0
2024-07-24 12:00:00+00:00,0.28886375,0.0163238501650663,0.2937169293102709,-0.022541093,0.0874533101129805,0.49670509,0.28,0.66,0.78,1.0,0.8,0.34,0
2024-07-24 16:00:00+00:00,0.4086014,0.0302852179364315,0.4643116271127058,-0.013879325,0.4119219408634218,0.41187003,0.3,0.68,0.78,1.0,0.8,0.36,0
2024-07-24 20:00:00+00:00,0.41656807,0.0152062422782653,0.4952187760461234,-0.007487625,0.7312196410441901,0.16198955,0.32,0.68,0.78,1.0,0.8,0.38,1
2024-07-25 12:00:00+00:00,0.4374064,0.1804348825695461,0.5251682616724416,0.026346965,0.474027162714098,0.36071905,0.34,0.7,0.78,1.0,0.8,0.4,0
2024-07-25 16:00:00+00:00,0.47141364,0.193038955666306,0.5077038410824792,0.0029367008,0.1745381033264415,0.45706216,0.36,0.72,0.76,1.0,0.8,0.42,0
2024-07-25 20:00:00+00:00,0.39497545,0.0809981326621067,0.5459628033440744,-0.0076025855,0.3586603242919305,0.50192183,0.38,0.72,0.74,1.0,0.8,0.44,0
2024-07-26 12:00:00+00:00,0.39697018,0.1559150384007893,0.5580279715745324,-0.003526118,0.104180201455787,0.39210603,0.4,0.74,0.72,1.0,0.8,0.44,1
2024-07-26 16:00:00+00:00,0.46789423,0.0071917707211469,0.495939481826953,0.003158682,0.0587967163974293,0.16651814,0.42,0.76,0.7,1.0,0.8,0.44,1
2024-07-26 20:00:00+00:00,0.4835714,0.0339336719408206,0.4865736409515078,0.0037797892,0.4263128186070241,0.5242902,0.44,0.76,0.7,1.0,0.8,0.44,1
2024-07-29 12:00:00+00:00,0.6778525,0.684813627607944,0.4888313887896025,0.0155197205,0.0792113059052336,0.55168617,0.46,0.78,0.7,1.0,0.82,0.42,1
2024-07-29 16:00:00+00:00,0.73762864,0.1448788760126888,0.4848238272947839,0.0008780329,0.240384619932487,0.6036782,0.46,0.76,0.7,1.0,0.82,0.4,0
2024-07-30 12:00:00+00:00,0.38712072,0.2301408103726708,0.4914118594705818,-0.00782962,0.7663433510051426,0.44403312,0.46,0.76,0.7,1.0,0.82,0.38,0
2024-07-30 16:00:00+00:00,0.33350754,0.3386824529573286,0.5362498542840487,-0.0029499084,0.2148588097397548,0.264026,0.48,0.78,0.7,1.0,0.82,0.38,0
2024-07-30 20:00:00+00:00,0.35237646,0.0526738493596604,0.6117726238826272,-0.004571711,0.4424155967024826,0.39353973,0.5,0.8,0.68,1.0,0.82,0.4,1
2024-07-31 12:00:00+00:00,0.50958544,0.5947969089233338,0.5619841500446495,0.016137522,0.0532524855399665,0.57014835,0.52,0.8,0.66,1.0,0.82,0.42,1
2024-07-31 16:00:00+00:00,0.54124486,0.1589734377500186,0.5714849460421648,0.001831509,0.1123742874470754,0.62967986,0.52,0.8,0.64,1.0,0.82,0.4,0
2024-08-01 12:00:00+00:00,0.298862,0.038854662544124,0.5429701499052944,-0.014199868,0.0812406313101044,0.4425345,0.52,0.8,0.62,1.0,0.82,0.4,0
2024-08-01 16:00:00+00:00,0.22975032,0.6946080864723443,0.5342085619159198,-0.015016702,0.64516354237401,0.26985276,0.54,0.8,0.6,1.0,0.82,0.42,0
2024-08-02 12:00:00+00:00,0.14289905,0.7179053466893975,0.4423707922278548,-0.02698965,0.0719514263637807,0.42941833,0.56,0.78,0.58,1.0,0.8,0.44,0
2024-08-02 16:00:00+00:00,0.2821762,0.2060786897777025,0.5313726097795969,-0.0048264298,0.0950903659730583,0.29168746,0.58,0.76,0.58,1.0,0.8,0.46,0
2024-08-02 20:00:00+00:00,0.32457995,0.0160312257271487,0.614586785711063,-0.0010376696,0.3901390502566683,0.5773201,0.6,0.76,0.56,1.0,0.8,0.48,0
2024-08-05 12:00:00+00:00,0.3734197,0.0471954189989351,0.4336829561140534,-0.023545539,0.2515040958831138,0.32132515,0.62,0.78,0.54,1.0,0.8,0.48,0
2024-08-05 16:00:00+00:00,0.39521384,0.0169081250612777,0.4032765673216968,-0.004871586,0.2654181879927643,0.31702653,0.64,0.8,0.54,1.0,0.82,0.48,1
2024-08-06 12:00:00+00:00,0.41319972,0.597483265036159,0.3755419418351076,0.009171961,0.0145122142095557,0.6078971,0.66,0.8,0.54,1.0,0.82,0.5,1
2024-08-06 16:00:00+00:00,0.43229347,0.1627366691212913,0.4340950117221768,0.0030002818,0.2997478002386572,0.33885595,0.68,0.78,0.54,1.0,0.84,0.5,0
2024-08-07 12:00:00+00:00,0.3791375,0.1265110929715891,0.450143644950472,-0.009759423,0.1775574537100723,0.35565457,0.7,0.78,0.54,1.0,0.84,0.52,0
2024-08-07 16:00:00+00:00,0.43233544,0.0311006274018532,0.448742941859614,-0.010988919,0.8421665320107912,0.48780075,0.72,0.8,0.54,1.0,0.84,0.54,0
2024-08-07 20:00:00+00:00,0.3594451,0.1362428290679252,0.5319377301347695,0.0025671183,0.6765235573794305,0.5702635,0.74,0.82,0.54,1.0,0.82,0.56,1
2024-08-08 12:00:00+00:00,0.4946363,0.2182959033688107,0.5318631193011718,0.018684672,0.2087540178258432,0.40136042,0.74,0.82,0.52,1.0,0.82,0.54,1
2024-08-08 16:00:00+00:00,0.5405084,0.0566389616827976,0.5269937134440634,0.004769051,0.2635664424437507,0.45783383,0.74,0.82,0.5,1.0,0.82,0.56,0
2024-08-09 12:00:00+00:00,0.34843516,0.6541248630431494,0.5574746913361814,-0.0027668853,0.0907524998579281,0.3153444,0.72,0.82,0.48,1.0,0.84,0.58,1
2024-08-09 16:00:00+00:00,0.6378255,0.543064446255174,0.5304308907197128,0.010768936,0.2989577412223949,0.41404796,0.74,0.8,0.46,1.0,0.86,0.6,0
2024-08-12 12:00:00+00:00,0.30679876,0.0436446363654932,0.5386139826749994,-0.0046032486,0.2155420025899372,0.5138194,0.72,0.78,0.44,1.0,0.86,0.62,1
2024-08-12 16:00:00+00:00,0.35636213,0.1799253517769722,0.554471257780787,0.007918197,0.2576645287783115,0.75767636,0.72,0.78,0.44,1.0,0.88,0.62,1
2024-08-13 12:00:00+00:00,0.5819365,0.235524325974025,0.600843116771289,0.019722098,0.618317168947537,0.6621087,0.74,0.78,0.44,1.0,0.88,0.62,1
2024-08-13 16:00:00+00:00,0.57980925,0.2144906788785234,0.5613413270317946,0.011562806,0.7471370159664436,0.4593992,0.72,0.8,0.42,1.0,0.86,0.62,0
2024-08-13 20:00:00+00:00,0.5531159,0.353123406723049,0.6487367199303247,0.00014909341,0.4339996391023176,0.57134855,0.7,0.8,0.4,1.0,0.84,0.62,0
2024-08-14 12:00:00+00:00,0.33282718,0.1022297188391622,0.5637902823896599,-0.006877714,0.0666735465473306,0.44410375,0.7,0.8,0.38,1.0,0.84,0.62,0
2024-08-14 16:00:00+00:00,0.36633235,0.2559108862246068,0.5589209553426103,-0.009775729,0.2051472508165962,0.41009086,0.72,0.8,0.38,1.0,0.84,0.64,1
2024-08-15 12:00:00+00:00,0.675849,0.4764698546427282,0.5365548608307248,0.022466106,0.5779983886702088,0.48436272,0.72,0.8,0.36,1.0,0.84,0.66,1
2024-08-15 16:00:00+00:00,0.739252,0.0212475616819182,0.5387349158023478,0.0069772573,0.2384700384466472,0.5136668,0.7,0.8,0.34,1.0,0.82,0.68,1
2024-08-16 12:00:00+00:00,0.7337045,0.8719787517607166,0.536787437901599,0.009045808,0.13123234101092,0.6544607,0.7,0.8,0.34,1.0,0.82,0.66,1
2024-08-16 16:00:00+00:00,0.46603948,0.3912950208611865,0.5157329528560607,0.0038837038,0.302855006623187,0.58786273,0.68,0.8,0.32,1.0,0.82,0.66,1
2024-08-19 12:00:00+00:00,0.7372027,0.0583874593007837,0.5314121786809581,0.020168047,0.0869894902909167,0.75711536,0.68,0.8,0.3,1.0,0.82,0.64,1
2024-08-19 16:00:00+00:00,0.8084125,0.0470709146267995,0.5293984491380894,0.01086394,0.4786484554604706,0.37618345,0.66,0.8,0.3,1.0,0.82,0.62,1
2024-08-20 12:00:00+00:00,0.5910689,0.1535643183101404,0.5408580828341583,-0.0023101256,0.0315792747445352,0.5697379,0.64,0.8,0.3,1.0,0.82,0.62,0
2024-08-20 16:00:00+00:00,0.5472844,0.1565820565204723,0.5429496286542693,-0.0028435087,0.2046570388393985,0.46477333,0.64,0.8,0.3,1.0,0.82,0.62,1
2024-08-21 12:00:00+00:00,0.46675512,0.0688923035374761,0.4392947837956011,0.00061834155,0.2119258565219453,0.478728,0.64,0.8,0.3,1.0,0.82,0.64,1
2024-08-21 16:00:00+00:00,0.53916705,0.0455095226665673,0.5257113923718612,0.0038394069,0.1949258199887685,0.55244195,0.66,0.82,0.32,1.0,0.82,0.64,0
2024-08-22 12:00:00+00:00,0.37431905,0.0831468685640878,0.5493356324847478,-0.017803852,0.6233482850951294,0.6611218,0.66,0.84,0.32,1.0,0.84,0.62,0
2024-08-22 16:00:00+00:00,0.30984133,0.0059300541200825,0.4675602579625658,-0.017604884,0.4994055030039491,0.3335128,0.66,0.84,0.32,1.0,0.82,0.6,1
2024-08-23 12:00:00+00:00,0.39435843,0.1234944614693736,0.2114860671423004,0.018542461,0.0405594293855942,0.63508105,0.66,0.84,0.32,1.0,0.82,0.6,1
2024-08-23 16:00:00+00:00,0.527091,0.0530411269507206,0.4286179254752236,0.015909508,0.3606725396893842,0.6255209,0.66,0.84,0.32,1.0,0.82,0.58,1
2024-08-23 20:00:00+00:00,0.50703746,0.0174853937373142,0.5504940217982011,0.008599017,0.3714569123897825,0.55299944,0.64,0.84,0.32,1.0,0.84,0.56,0
2024-08-26 12:00:00+00:00,0.2642611,0.8419996618145433,0.4714957654642517,-0.022514287,0.8158535733402732,0.45480308,0.62,0.84,0.32,1.0,0.84,0.54,1
2024-08-26 16:00:00+00:00,0.4714944,0.0978559844679831,0.5383700869318532,0.0009220301,0.255205223602307,0.5793787,0.62,0.82,0.34,1.0,0.82,0.54,0
2024-08-27 12:00:00+00:00,0.62732,0.2545944821713835,0.4575960368844426,-0.010313736,0.2194837427121267,0.5038599,0.62,0.82,0.34,1.0,0.82,0.54,0
2024-08-27 16:00:00+00:00,0.59872407,0.356352116978809,0.3389564512432169,0.009163984,0.3685277364726512,0.28778642,0.6,0.82,0.36,1.0,0.82,0.52,0
2024-08-28 12:00:00+00:00,0.45611286,0.1144074247757783,0.5204691749477758,-0.0019440582,0.2824780627359539,0.48299685,0.58,0.82,0.36,1.0,0.82,0.52,0
2024-08-28 16:00:00+00:00,0.39100978,0.181270363807534,0.5093369572129174,-0.006768883,0.0582095090431932,0.23182827,0.58,0.82,0.34,1.0,0.82,0.54,1
2024-08-29 12:00:00+00:00,0.6843965,0.3973127342534667,0.421018860470579,0.0103029935,0.0346586859501747,0.5723315,0.6,0.84,0.32,1.0,0.82,0.56,0
2024-08-29 16:00:00+00:00,0.54947007,0.7084916109756426,0.1119896356727655,-0.0030349453,0.4224231325961204,0.70931935,0.6,0.84,0.32,1.0,0.82,0.56,1
2024-08-30 12:00:00+00:00,0.6551037,0.3350388892197323,0.5002283899562088,0.011380872,0.0732133822184959,0.51759076,0.58,0.82,0.32,1.0,0.84,0.54,1
2024-08-30 16:00:00+00:00,0.66686034,0.4823490632685014,0.439631865194085,0.0102683,0.6030750864762924,0.5431713,0.56,0.82,0.32,1.0,0.84,0.52,1
2024-09-03 12:00:00+00:00,0.6563599,0.1838691606858574,0.3839429623097591,0.007884611,0.0419329184669312,0.5963381,0.54,0.82,0.34,1.0,0.82,0.5,0
2024-09-03 16:00:00+00:00,0.39956263,0.1874852620258872,0.4579844754729258,-0.011239052,0.4616165332723794,0.39034915,0.54,0.84,0.36,1.0,0.82,0.5,1
2024-09-04 12:00:00+00:00,0.7025271,0.7670401857879042,0.2582517439233589,0.019303126,0.4923031280776299,0.7331156,0.56,0.84,0.38,1.0,0.82,0.52,1
2024-09-04 16:00:00+00:00,0.4912555,0.4292034062700172,0.2846235122246936,0.010583078,0.3411474962888127,0.57520795,0.54,0.82,0.4,1.0,0.82,0.5,1
2024-09-05 12:00:00+00:00,0.6081594,0.2072296287645888,0.2156035203915557,0.011501398,0.0378604313177165,0.5409865,0.54,0.84,0.42,1.0,0.84,0.48,1
2024-09-05 16:00:00+00:00,0.5962978,0.0629907040328788,0.0860191037468087,0.009286637,0.4922851888966807,0.75745666,0.52,0.86,0.42,1.0,0.84,0.46,0
2024-09-06 12:00:00+00:00,0.15464018,0.1354804764349929,0.340372793287082,-0.016720405,0.9701103159328684,0.34228057,0.5,0.86,0.44,1.0,0.84,0.44,0
2024-09-06 16:00:00+00:00,0.2627886,0.0622830670245558,0.1,-0.020695373,0.8888925855368889,0.6971475,0.5,0.86,0.46,1.0,0.82,0.46,1
2024-09-09 12:00:00+00:00,0.3302925,0.0807282436104151,0.3136085285235047,0.013888045,0.0634040547121594,0.6097001,0.5,0.86,0.46,1.0,0.8,0.44,0
2024-09-09 16:00:00+00:00,0.40626997,0.0341431636047846,0.2874829988947525,0.0043419115,0.2348791779515383,0.53801715,0.5,0.86,0.46,1.0,0.8,0.42,1
2024-09-10 12:00:00+00:00,0.41644886,0.0300537369788159,0.132,0.022133157,0.0150420359931964,0.58257234,0.5,0.88,0.46,1.0,0.8,0.42,1
2024-09-10 16:00:00+00:00,0.5386615,0.0397573476776952,0.3337366461950229,0.008403168,0.3805910645441441,0.730522,0.5,0.88,0.46,1.0,0.8,0.4,0
2024-09-11 12:00:00+00:00,0.44008794,0.6771215928663218,0.0545886691250419,0.00384378,0.0976674715057032,0.5442418,0.48,0.88,0.46,1.0,0.8,0.38,1
2024-09-11 16:00:00+00:00,0.56306905,0.1375627302317643,0.3184812202806158,0.0029787854,0.9134372198476148,0.6116901,0.48,0.86,0.46,1.0,0.82,0.36,0
2024-09-11 20:00:00+00:00,0.467594,0.1751781463694549,0.5218731029541249,1.46039965e-05,0.5085157214807614,0.63199234,0.46,0.86,0.48,1.0,0.82,0.36,0
2024-09-12 12:00:00+00:00,0.42149192,0.309595781034807,0.1792503098877774,-0.001093311,0.0909736117333493,0.5204764,0.46,0.86,0.48,1.0,0.8,0.34,1
2024-09-12 16:00:00+00:00,0.5245917,0.0703298783442586,0.5697382955661121,0.00551039,0.246567123579512,0.4684718,0.48,0.86,0.5,1.0,0.8,0.32,0
2024-09-13 12:00:00+00:00,0.53569955,0.1135920497064525,0.5416070655412771,-0.0030360352,0.122908988699318,0.6429525,0.46,0.88,0.5,1.0,0.8,0.32,1
2024-09-13 16:00:00+00:00,0.6267524,0.3028133672116394,0.5486525310293492,0.0019288076,0.1589736101436905,0.58441436,0.46,0.9,0.5,1.0,0.8,0.3,0
2024-09-13 20:00:00+00:00,0.6458398,0.0328381596407341,0.6083494347252045,-0.00042217306,0.2820641607305368,0.46069908,0.44,0.9,0.5,1.0,0.8,0.3,0
2024-09-16 12:00:00+00:00,0.5082276,0.5828208315537923,0.5206281131738216,-0.0011451639,0.0766284518081485,0.3814777,0.42,0.9,0.5,1.0,0.8,0.32,0
2024-09-16 16:00:00+00:00,0.44927096,0.1577797699497345,0.5211345670905286,-0.0033403684,0.2844991075878781,0.46123865,0.42,0.88,0.5,1.0,0.82,0.34,1
2024-09-17 12:00:00+00:00,0.6411859,0.0582082088270826,0.5126183450808728,0.010426016,0.0757335557305369,0.5391251,0.44,0.88,0.5,1.0,0.84,0.34,0
2024-09-17 16:00:00+00:00,0.47662663,0.2079726621523905,0.1345752370457695,-0.009054768,0.4068190396409161,0.44482067,0.44,0.88,0.5,1.0,0.84,0.34,0
2024-09-18 12:00:00+00:00,0.24946369,0.1261369522805019,0.5065664347591525,0.00022011803,0.0798279423059197,0.14977878,0.44,0.88,0.52,1.0,0.84,0.34,0
2024-09-18 16:00:00+00:00,0.4352034,0.2915139179995404,0.523205403737284,-0.0018017292,0.1139485885476407,0.4035481,0.44,0.88,0.52,1.0,0.84,0.34,1
2024-09-19 12:00:00+00:00,0.86309654,0.6094213799787241,0.4147121077824807,0.024089836,0.8885827075395519,0.5292025,0.46,0.88,0.52,1.0,0.86,0.34,1
2024-09-19 16:00:00+00:00,0.7877713,0.0715778090788369,0.2164460750843414,0.004668596,0.7583757978262917,0.44013736,0.46,0.86,0.54,1.0,0.84,0.34,0
2024-09-20 12:00:00+00:00,0.52645636,0.2227097763282134,0.4446317152546174,-0.007417772,0.2473047461613969,0.35014385,0.46,0.88,0.56,1.0,0.82,0.36,0
2024-09-20 16:00:00+00:00,0.5006888,0.0050094195892223,0.565650576243639,-0.0070755198,0.3296452375858871,0.47856304,0.44,0.88,0.58,1.0,0.82,0.38,1
2024-09-23 12:00:00+00:00,0.7575661,0.0114010490968458,0.3759812543036699,0.021618864,0.9281196715243184,0.5537345,0.44,0.88,0.58,1.0,0.82,0.4,1
2024-09-23 16:00:00+00:00,0.6015585,0.1351074513363268,0.137476080176981,0.004804799,0.0977313030938605,0.45941857,0.44,0.88,0.6,1.0,0.8,0.38,1
2024-09-24 12:00:00+00:00,0.6032882,0.0625166481444684,0.4824363790965743,0.006709133,0.3469781963214851,0.3657915,0.44,0.88,0.62,1.0,0.8,0.4,1
2024-09-24 16:00:00+00:00,0.6083791,0.0100103739491804,0.433328035378296,0.0031541504,0.2134126165948032,0.5315589,0.44,0.88,0.64,1.0,0.8,0.4,1
2024-09-24 20:00:00+00:00,0.62857354,0.0009555188315711,0.1481523949818602,0.0015012923,0.3592808882623743,0.46305346,0.42,0.88,0.64,1.0,0.8,0.38,1
2024-09-25 12:00:00+00:00,0.6305346,0.0867320431117062,0.5691262889950406,-0.0017468149,0.9048829449717424,0.50002027,0.42,0.88,0.66,1.0,0.8,0.4,1
2024-09-25 16:00:00+00:00,0.62119955,0.4274328761823781,0.1358158825923185,0.0054144673,0.0810576664227117,0.5580609,0.4,0.88,0.66,1.0,0.8,0.4,0
2024-09-26 12:00:00+00:00,0.6406695,0.0359642303886824,0.5388112529918292,-0.003429186,0.0883068975581361,0.53222567,0.38,0.88,0.66,1.0,0.8,0.38,0
2024-09-26 16:00:00+00:00,0.5595553,0.0516033931811276,0.3104726414373369,-6.5694854e-05,0.1005200900367984,0.51462483,0.36,0.88,0.64,1.0,0.8,0.38,1
2024-09-26 20:00:00+00:00,0.5845781,0.0140384903841737,0.5043188849177543,0.0017680979,0.2629651807942313,0.7098263,0.36,0.88,0.64,1.0,0.8,0.38,1
2024-09-27 12:00:00+00:00,0.735884,0.0741645381141492,0.508152840899997,0.011505589,0.0580272044153856,0.50264823,0.36,0.88,0.64,1.0,0.8,0.38,1
2024-09-27 16:00:00+00:00,0.77131134,0.0659430634099412,0.2221461739715925,0.0030879646,0.1394370392325303,0.6461945,0.34,0.9,0.62,1.0,0.82,0.36,0
2024-09-27 20:00:00+00:00,0.80331266,0.0965808278472996,0.5730919267502146,-0.0025196166,0.3053522314129358,0.57417923,0.32,0.9,0.64,1.0,0.82,0.36,0
2024-09-30 12:00:00+00:00,0.7621055,0.5643409737002285,0.4449020913977879,-0.0022067227,0.1569582754318,0.8663719,0.32,0.9,0.62,1.0,0.82,0.36,1
2024-09-30 16:00:00+00:00,0.6250829,0.5809537970891391,0.4090223903319077,0.007709577,0.0113318104607039,0.37172845,0.32,0.88,0.62,1.0,0.82,0.34,0
2024-10-01 12:00:00+00:00,0.31412068,0.082395012100391,0.4768233090491781,-0.013478668,0.2023422080836532,0.26160696,0.3,0.86,0.64,1.0,0.82,0.34,1
2024-10-01 16:00:00+00:00,0.6564338,0.3653841165862109,0.4790743412494186,0.0061426517,0.3890965968854018,0.5093186,0.3,0.86,0.66,1.0,0.82,0.34,0
2024-10-02 12:00:00+00:00,0.26401585,0.4050692056465505,0.2591635294747737,-0.015638174,0.0334015495852539,0.41843286,0.3,0.86,0.66,1.0,0.82,0.34,0
2024-10-02 16:00:00+00:00,0.39567947,0.1252369822013457,0.2975923580095875,-0.0018767163,0.221280717441968,0.4376759,0.32,0.88,0.66,1.0,0.82,0.36,0
2024-10-03 12:00:00+00:00,0.30502746,0.190672274175723,0.3461899196270522,-0.013807538,0.1130907281956767,0.4490976,0.34,0.88,0.68,1.0,0.82,0.38,0
2024-10-03 16:00:00+00:00,0.29160953,0.1571502811647471,0.3672029711702082,-0.014014944,0.2024220471690264,0.55712515,0.36,0.88,0.68,1.0,0.84,0.4,1
2024-10-04 12:00:00+00:00,0.4513793,0.5255063526139984,0.327570818033197,0.0111275,0.0638387709413107,0.51726687,0.38,0.88,0.68,1.0,0.84,0.4,1
2024-10-04 16:00:00+00:00,0.5225989,0.1746091824549732,0.2432827054451567,0.011688416,0.2753335391018069,0.47109792,0.38,0.86,0.68,1.0,0.84,0.38,0
2024-10-07 12:00:00+00:00,0.5127071,0.2316104823613269,0.4102095810916377,-0.008631385,0.0882539353046183,0.155638,0.38,0.88,0.68,1.0,0.84,0.4,0
2024-10-07 16:00:00+00:00,0.39711666,0.2514607910326141,0.4340162552504026,-0.008434609,0.6206435664414055,0.49940187,0.36,0.88,0.68,1.0,0.84,0.42,0
2024-10-07 20:00:00+00:00,0.39047244,0.1301729052517931,0.5469031339029539,0.0028166783,0.4048245258226769,0.65816975,0.38,0.88,0.68,1.0,0.82,0.44,1
2024-10-08 12:00:00+00:00,0.45186597,0.1049961327525168,0.4748141829588061,0.013576206,0.0321243737163254,0.5447947,0.4,0.88,0.66,1.0,0.82,0.44,0
2024-10-08 16:00:00+00:00,0.49557453,0.1896671514526511,0.4919470826225178,0.0021722938,0.3576274191659727,0.47547227,0.4,0.88,0.66,1.0,0.84,0.42,1
2024-10-09 12:00:00+00:00,0.46305963,0.1935332717636159,0.509810995687759,-0.00080654636,0.0359649178022841,0.5892596,0.4,0.88,0.66,1.0,0.86,0.44,0
2024-10-09 16:00:00+00:00,0.34024358,0.1444067830052522,0.4767789155207661,-0.0041371123,0.7159656758057408,0.54436976,0.4,0.88,0.64,1.0,0.86,0.44,0
2024-10-10 12:00:00+00:00,0.31192654,0.2945685095125533,0.4404996435762288,-0.00096530264,0.0176234951108219,0.54949594,0.4,0.88,0.64,1.0,0.84,0.44,0
2024-10-10 16:00:00+00:00,0.30620933,0.352748882063591,0.4813436029031073,-0.007880064,0.2564711364429082,0.34062424,0.4,0.88,0.64,1.0,0.84,0.44,0
2024-10-11 12:00:00+00:00,0.301713,0.1649247865957435,0.2912506589564504,-0.023106394,0.201197468435351,0.4318413,0.42,0.88,0.64,1.0,0.84,0.46,0
2024-10-11 16:00:00+00:00,0.2972456,0.0256795249497492,0.3778259740745227,-0.010560745,0.7628962183520945,0.045711238,0.42,0.9,0.64,1.0,0.84,0.48,1
2024-10-14 12:00:00+00:00,0.43134826,0.0891228924917911,0.3479826342133786,-0.0018639412,0.0292577015670857,0.4836266,0.44,0.9,0.64,1.0,0.84,0.5,0
2024-10-14 16:00:00+00:00,0.42913494,0.0143773738199334,0.4608696541452695,0.0060136365,0.1369783375120757,0.44012555,0.44,0.9,0.66,1.0,0.86,0.52,0
2024-10-14 20:00:00+00:00,0.4268155,0.01253301422458,0.6113385871031592,0.0035710619,0.3263540804207326,0.495297,0.44,0.9,0.66,1.0,0.86,0.54,1
2024-10-15 12:00:00+00:00,0.43050554,0.1335221829427964,0.4621889356286633,0.004923874,0.1697014186339569,0.35506845,0.46,0.9,0.66,1.0,0.86,0.54,1
2024-10-15 16:00:00+00:00,0.42906225,0.0672633910367588,0.5063919286368137,0.004305743,0.0579663419035389,0.43416482,0.48,0.9,0.68,1.0,0.86,0.56,1
2024-10-16 12:00:00+00:00,0.5933491,0.0530260683567517,0.5048440027117339,0.00795613,0.0446963018000168,0.39512193,0.5,0.9,0.68,1.0,0.86,0.58,1
2024-10-16 16:00:00+00:00,0.50833696,0.3360971210778994,0.5150129499348868,0.00417431,0.1820078016195661,0.5671359,0.5,0.9,0.68,1.0,0.86,0.58,0
2024-10-17 12:00:00+00:00,0.4951912,0.0928450504672817,0.5364126268570352,-0.008464214,0.2404846527643936,0.43346083,0.5,0.92,0.68,1.0,0.86,0.56,1
2024-10-17 16:00:00+00:00,0.4530244,0.0648449851435628,0.575224186748763,0.0002504419,0.2505054905894497,0.45335016,0.5,0.92,0.68,1.0,0.86,0.56,0
2024-10-18 12:00:00+00:00,0.33110213,0.0400032833467985,0.5992511347320919,-0.0013343258,0.1776259340925519,0.50176775,0.52,0.92,0.68,1.0,0.86,0.58,0
2024-10-18 16:00:00+00:00,0.43882942,0.0364228182102747,0.528528398244595,0.0008586569,0.0704987065458081,0.41802746,0.52,0.92,0.66,1.0,0.86,0.56,0
2024-10-21 12:00:00+00:00,0.27834642,0.0624882516821456,0.5657198225459548,-0.010665456,0.0416174651563434,0.49979207,0.52,0.92,0.66,1.0,0.86,0.56,0
2024-10-21 16:00:00+00:00,0.2662519,0.0037605006598187,0.5416491887598984,-0.0024083054,0.1058423715537285,0.2931048,0.52,0.92,0.66,1.0,0.86,0.56,0
2024-10-22 12:00:00+00:00,0.21554758,0.0763626453313814,0.5634977585106353,-0.004912589,0.3317908374678818,0.4107081,0.54,0.94,0.64,1.0,0.88,0.58,1
2024-10-22 16:00:00+00:00,0.2619132,0.0937409885427577,0.5661543105500938,-7.576437e-05,0.5358710499453027,0.6398818,0.56,0.94,0.62,1.0,0.9,0.58,0
2024-10-23 12:00:00+00:00,0.24012889,0.1212782606220921,0.5542787573548458,-0.0028885491,0.0872758891488039,0.42565742,0.58,0.94,0.6,1.0,0.88,0.56,0
2024-10-23 16:00:00+00:00,0.2572627,0.0040036845906487,0.548636800651783,-0.007681088,0.2138441247056061,0.45707053,0.6,0.94,0.6,1.0,0.88,0.56,1
2024-10-23 20:00:00+00:00,0.87370956,0.6772578574142896,0.3437290224172951,0.02919639,0.8429068418533657,0.634695,0.62,0.94,0.58,1.0,0.9,0.58,1
2024-10-24 12:00:00+00:00,0.8492856,0.9376186400506062,0.300756629595753,0.029923815,0.9745466362525464,0.62991136,0.62,0.92,0.58,1.0,0.88,0.56,1
2024-10-24 16:00:00+00:00,0.8545862,0.5397411482998064,0.2988223756984051,0.018120907,0.6687516598880713,0.60272586,0.62,0.9,0.58,1.0,0.86,0.54,0
2024-10-24 20:00:00+00:00,0.8448121,0.3103557096785222,0.3011191230875091,0.0048641055,0.2911589484677118,0.63642323,0.62,0.88,0.58,1.0,0.84,0.54,1
2024-10-25 12:00:00+00:00,0.7403938,0.1853197944951485,0.2799998563387654,0.010944269,0.7742180835852732,0.3098848,0.62,0.88,0.58,1.0,0.84,0.52,1
2024-10-25 16:00:00+00:00,0.76387364,0.1757409685440307,0.2542874500378262,0.014283097,0.4290747245898436,0.41155794,0.62,0.88,0.6,1.0,0.84,0.54,0
2024-10-25 20:00:00+00:00,0.6062366,0.2445802460301058,0.3735113134796376,0.0025903336,0.3518691623514554,0.6358929,0.62,0.88,0.6,1.0,0.84,0.56,1
2024-10-28 12:00:00+00:00,0.5330682,0.2417768538769157,0.3454596762212424,0.008987434,0.0914645154282316,0.47801757,0.62,0.88,0.62,1.0,0.84,0.56,0
2024-10-28 16:00:00+00:00,0.40186328,0.154517591750979,0.3403219202206884,-0.0029064277,0.6973723330020557,0.34305093,0.62,0.88,0.62,1.0,0.84,0.58,0
2024-10-28 20:00:00+00:00,0.47018415,0.0317421049126805,0.4890202882252583,-0.0005792747,0.2619354789769055,0.26202714,0.64,0.88,0.64,1.0,0.82,0.6,0
2024-10-29 12:00:00+00:00,0.46553478,0.0542490938319464,0.4528358881598547,-0.007439164,0.6857348125588012,0.57366675,0.66,0.88,0.66,1.0,0.82,0.62,1
2024-10-29 16:00:00+00:00,0.46666387,0.0613690041310386,0.3818024566714381,-0.0003966383,0.1260490699279236,0.5769749,0.68,0.88,0.66,1.0,0.8,0.62,0
2024-10-29 20:00:00+00:00,0.5013527,0.0353463883311426,0.4746320784048098,0.0013362475,0.6269775234768551,0.5855048,0.7,0.88,0.68,1.0,0.8,0.62,1
2024-10-30 12:00:00+00:00,0.5579268,0.0496526909255443,0.4866222099462188,0.009845288,0.2907779894043407,0.56332517,0.7,0.9,0.68,1.0,0.78,0.62,0
2024-10-30 16:00:00+00:00,0.67438835,0.2220463128885215,0.4586139791295615,-0.0062610325,0.6023367983893473,0.3732313,0.7,0.92,0.68,1.0,0.78,0.6,0
2024-10-31 12:00:00+00:00,0.32817352,0.0433728461859421,0.2244049781135166,-0.016458841,0.4970205721801312,0.4381881,0.68,0.92,0.68,1.0,0.76,0.6,0
2024-10-31 16:00:00+00:00,0.6071882,0.0070558846446981,0.2137985087531349,-0.0042356695,0.2531817693570085,0.5069899,0.7,0.92,0.68,1.0,0.76,0.62,1
2024-11-01 12:00:00+00:00,0.6211049,0.1930519441014448,0.4452834329313658,0.0020407229,0.0136724928310574,0.47029933,0.68,0.92,0.68,1.0,0.76,0.6,0
2024-11-01 16:00:00+00:00,0.6153857,0.0111932511267325,0.0905949831668463,-0.00242466,0.0465811544446273,0.559876,0.66,0.92,0.68,1.0,0.76,0.6,0
2024-11-04 12:00:00+00:00,0.63165313,0.2338118230886514,0.4342287936697018,-0.004297829,0.0808987668521202,0.2422907,0.64,0.92,0.68,1.0,0.76,0.58,0
2024-11-04 16:00:00+00:00,0.6614985,0.8703660754295718,0.1766187515789846,-0.006239077,0.178515306422588,0.32994112,0.62,0.92,0.68,1.0,0.76,0.6,0
2024-11-04 20:00:00+00:00,0.61308753,0.2111430149369149,0.1094522846756303,-0.006058288,0.1061371670679605,0.39837644,0.6,0.92,0.68,1.0,0.76,0.62,1
2024-11-05 12:00:00+00:00,0.6729465,0.3471520272385921,0.4803099447061979,0.010327774,0.0935318509632677,0.37337068,0.6,0.92,0.68,1.0,0.76,0.62,1
2024-11-05 16:00:00+00:00,0.66000813,0.0066757592681091,0.415425605014655,0.002947021,0.0966952277731427,0.11710844,0.6,0.92,0.68,1.0,0.76,0.62,0
2024-11-05 20:00:00+00:00,0.64427906,0.3041229060337098,0.133736855929776,0.002100127,0.1134325091949167,0.5004262,0.58,0.92,0.68,1.0,0.78,0.62,1
2024-11-06 12:00:00+00:00,0.75066596,0.8718635931046333,0.1156715415314657,0.0244962,0.2760955718940981,0.37817872,0.56,0.92,0.7,1.0,0.78,0.62,1
2024-11-06 16:00:00+00:00,0.5716037,0.1280798846812502,0.3739900227407919,0.014809689,0.8989694921679879,0.47810224,0.54,0.9,0.7,1.0,0.78,0.64,0
2024-11-06 20:00:00+00:00,0.5026045,0.0855650067823857,0.3250334764803897,-0.0017279576,0.1840332500358443,0.8631494,0.52,0.9,0.7,1.0,0.76,0.64,1
2024-11-07 12:00:00+00:00,0.60794467,0.2678180004094288,0.2108442737731337,0.01459869,0.5026318096672199,0.6004128,0.5,0.9,0.72,1.0,0.76,0.64,1
2024-11-07 16:00:00+00:00,0.6253056,0.2911124119615245,0.3237531317644106,0.0057518804,0.2533634116115775,0.54139143,0.48,0.9,0.72,1.0,0.76,0.64,0
2024-11-07 20:00:00+00:00,0.6213977,0.261195847467606,0.4029871100651121,0.00053680426,0.2187270825944988,0.5938741,0.46,0.9,0.72,1.0,0.76,0.64,1
2024-11-08 12:00:00+00:00,0.6020814,0.940318237793926,0.3732141010985921,0.024546383,0.3921755969507842,0.5029977,0.44,0.9,0.72,1.0,0.76,0.62,1
2024-11-08 16:00:00+00:00,0.62788033,0.3752390801393498,0.3930473144310784,0.019743606,0.3738751704280495,0.6103353,0.42,0.88,0.72,1.0,0.76,0.6,0
2024-11-08 20:00:00+00:00,0.6670211,0.258450224142402,0.3266168067716826,0.015532039,0.124420436699276,0.70946306,0.4,0.88,0.72,1.0,0.78,0.58,1
2024-11-11 12:00:00+00:00,0.71118486,0.1387459828822332,0.3447845237835827,0.02612937,0.1188325964683933,0.60545284,0.38,0.88,0.72,1.0,0.78,0.56,0
2024-11-11 16:00:00+00:00,0.7058418,0.868859776378782,0.2974254034959691,-0.002991072,0.3766514902037297,0.45412248,0.36,0.88,0.72,1.0,0.78,0.54,1
2024-11-11 20:00:00+00:00,0.677641,0.576296617860585,0.3550285278812041,0.017812494,0.3204201421962652,0.67869675,0.34,0.86,0.74,1.0,0.78,0.54,0
2024-11-12 12:00:00+00:00,0.46034983,0.0867032082456141,0.2634280465918002,-0.006903007,0.1260939533840744,0.5552806,0.32,0.84,0.74,1.0,0.78,0.52,0
2024-11-12 16:00:00+00:00,0.49081272,0.4574708457410869,0.247959355090813,-0.011109536,0.2448587350932321,0.47786176,0.32,0.84,0.76,1.0,0.78,0.5,0
2024-11-12 20:00:00+00:00,0.42861518,0.0521812579526629,0.2893750639991532,0.0046880487,0.3799878083672057,0.46742004,0.34,0.84,0.78,1.0,0.78,0.5,0
2024-11-13 12:00:00+00:00,0.43982196,0.1053833855447911,0.2680657933895025,0.008825176,0.1877268390202258,0.3879822,0.36,0.84,0.8,1.0,0.78,0.52,1
2024-11-13 16:00:00+00:00,0.38387933,0.0271325709798314,0.1335126023306687,0.006942503,0.3136551809209568,0.5416344,0.36,0.84,0.82,1.0,0.78,0.52,1
2024-11-13 20:00:00+00:00,0.67600584,0.0240225842395227,0.4274770449763329,0.0051256265,0.216784848496743,0.5755187,0.36,0.84,0.84,1.0,0.78,0.5,0
2024-11-14 12:00:00+00:00,0.64788365,0.3437944674102413,0.3593998075628106,-0.007987882,0.3740075033814909,0.22284761,0.34,0.84,0.86,1.0,0.78,0.5,0
2024-11-14 16:00:00+00:00,0.6060373,0.1925282832087627,0.4163484017423234,-0.019228898,0.2532335374887522,0.45536587,0.32,0.84,0.88,1.0,0.78,0.5,0
2024-11-14 20:00:00+00:00,0.5859802,0.0095194490006863,0.1103161608146087,-0.016440542,0.2478075709166731,0.44428316,0.3,0.84,0.9,1.0,0.78,0.5,1
2024-11-15 12:00:00+00:00,0.56977713,0.0180719323660437,0.4368904220560075,-0.0006271748,0.1662348201286612,0.42448735,0.28,0.84,0.92,1.0,0.78,0.5,1
2024-11-15 16:00:00+00:00,0.6245767,0.0212335775280082,0.389359536692242,0.0139136,0.3254344030872217,0.56634915,0.26,0.84,0.94,1.0,0.78,0.5,1
2024-11-15 20:00:00+00:00,0.6459964,0.2381522646433075,0.1138392391629037,0.010625855,0.2779783427282848,0.6224897,0.24,0.84,0.96,1.0,0.8,0.5,1
2024-11-18 12:00:00+00:00,0.70007044,0.0869185112701068,0.4557773965700752,0.021128733,0.2153952118446171,0.35625777,0.22,0.84,0.98,1.0,0.8,0.48,0
2024-11-18 16:00:00+00:00,0.6525857,0.6669380275931367,0.3695652219886842,-0.012426757,0.8084872330183083,0.27313083,0.2,0.84,1.0,1.0,0.8,0.48,1
2024-11-18 20:00:00+00:00,0.6564487,0.0797143679727139,0.4855397378533539,0.010641353,0.6163637088169533,0.46942973,0.2,0.84,1.0,1.0,0.8,0.5,1
2024-11-19 12:00:00+00:00,0.6232419,0.0392349099650004,0.4551135756814989,-0.003824275,0.1266867248360985,0.5830037,0.2,0.86,1.0,1.0,0.8,0.52,1
2024-11-19 16:00:00+00:00,0.5034702,0.0377739647744304,0.457347492144259,-0.0044462797,0.2583125333699915,0.6779099,0.2,0.88,1.0,1.0,0.82,0.52,1
2024-11-19 20:00:00+00:00,0.48729023,0.0550996499763192,0.5031054469577011,0.0038560382,0.3700917345751633,0.55572265,0.2,0.88,1.0,1.0,0.82,0.52,0
2024-11-20 12:00:00+00:00,0.5297697,0.4351701554495838,0.5036100794737685,-0.009145363,0.1222458755092294,0.384127,0.22,0.88,0.98,1.0,0.84,0.5,0
2024-11-20 16:00:00+00:00,0.6115471,0.087804787088997,0.4774658008171137,-0.010064274,0.2191680288496194,0.51970655,0.22,0.88,0.96,1.0,0.84,0.5,1
2024-11-20 20:00:00+00:00,0.63727194,0.0141500251329905,0.0928721960090581,0.0070391838,0.2339353597293448,0.6245403,0.22,0.88,0.96,1.0,0.84,0.5,0
2024-11-21 12:00:00+00:00,0.64598674,0.856430819772592,0.533231317360407,-0.0046856836,0.2583963338274855,0.38447168,0.22,0.88,0.96,1.0,0.84,0.48,0
2024-11-21 16:00:00+00:00,0.649734,0.2783519326526733,0.570806886671346,-0.0019020496,0.3034140169320315,0.34415033,0.2,0.86,0.94,1.0,0.86,0.48,0
2024-11-21 20:00:00+00:00,0.60638094,0.1556740386290925,0.4235724483463275,-0.0047960225,0.3364159953138923,0.44894838,0.18,0.86,0.92,1.0,0.86,0.48,1
2024-11-22 12:00:00+00:00,0.68409276,0.7221005376647965,0.5232813575284719,0.018365283,0.5813036397346873,0.5154156,0.16,0.86,0.92,1.0,0.88,0.5,0
2024-11-22 16:00:00+00:00,0.56983644,0.146099726201946,0.5631835161090919,8.776796e-05,0.2526726661090712,0.6208002,0.14,0.84,0.9,1.0,0.86,0.5,0
2024-11-22 20:00:00+00:00,0.54849875,0.0090812911510888,0.5878372246092818,0.011511871,0.4225162775163379,0.31631383,0.14,0.84,0.88,1.0,0.88,0.5,0
2024-11-25 12:00:00+00:00,0.56847733,0.0624620737108751,0.52655025457661,0.0080480045,0.2739854788506532,0.38405648,0.14,0.84,0.86,1.0,0.88,0.52,0
2024-11-25 16:00:00+00:00,0.6227624,0.0854282262062442,0.1723671186132138,-0.0030243006,0.2063616599107248,0.57917553,0.14,0.84,0.84,1.0,0.9,0.52,0
2024-11-25 20:00:00+00:00,0.35785398,0.1023215599053313,0.4906425303122529,-0.018911904,0.45069737892801,0.30629155,0.12,0.84,0.84,1.0,0.9,0.5,1
2024-11-26 12:00:00+00:00,0.39720345,0.2595471418842021,0.5400022266610794,0.0070028086,0.1555875441032261,0.6809774,0.14,0.84,0.84,1.0,0.9,0.52,0
2024-11-26 16:00:00+00:00,0.3968374,0.0234268238137338,0.5191777337186182,-0.006433969,0.5294375985537845,0.08872725,0.16,0.84,0.82,1.0,0.9,0.5,0
2024-11-26 20:00:00+00:00,0.38795862,0.0464839955615162,0.5501996120623392,-0.00025649447,0.4282100737779902,0.48472044,0.18,0.84,0.8,1.0,0.88,0.52,0
2024-11-27 12:00:00+00:00,0.24359712,0.2073742289011786,0.4773445920739312,-0.0060497224,0.4078706056106148,0.5866207,0.2,0.84,0.78,1.0,0.88,0.52,1
2024-11-27 16:00:00+00:00,0.36061224,0.2872574039521024,0.5122547984510656,0.0004943813,0.2437904802335374,0.45373917,0.22,0.86,0.78,1.0,0.88,0.5,1
2024-11-27 20:00:00+00:00,0.4636335,0.1390097039764193,0.4252201969746657,-0.0011755327,0.1992961421681198,0.46466246,0.24,0.86,0.76,1.0,0.88,0.5,1
2024-11-29 12:00:00+00:00,0.63512963,0.5314184746408432,0.512187360137961,0.008239794,0.1625229601922187,0.84172773,0.26,0.86,0.76,1.0,0.88,0.5,1
2024-11-29 16:00:00+00:00,0.6913708,0.1589963757596904,0.3167455109905709,0.00702,0.4152763862332208,0.79355216,0.26,0.84,0.74,1.0,0.88,0.48,1
2024-12-02 12:00:00+00:00,0.7764992,0.4211088156134298,0.3646435596123611,0.013810321,0.1455920615968395,0.47780868,0.26,0.84,0.74,1.0,0.88,0.48,1
2024-12-02 16:00:00+00:00,0.8797629,0.1021516297547977,0.4207787721974395,0.012416058,0.4769589217975246,0.55529195,0.26,0.86,0.74,1.0,0.88,0.48,0
2024-12-02 20:00:00+00:00,0.34103775,0.0734308520915589,0.4407021073230424,-0.0028505414,0.3035214535807539,0.45301434,0.26,0.86,0.74,1.0,0.9,0.46,0
2024-12-03 12:00:00+00:00,0.32231674,0.0115415903069042,0.3980995315777885,-0.0038995068,0.3167077885305423,0.38251626,0.28,0.86,0.74,1.0,0.9,0.48,1
2024-12-03 16:00:00+00:00,0.38114083,0.0083555407070122,0.3726020207739545,0.0028676023,0.3308975034406926,0.22243004,0.3,0.86,0.74,1.0,0.92,0.5,1
2024-12-03 20:00:00+00:00,0.44190815,0.0038873113852241,0.386083612119113,0.006161004,0.6087695200538717,0.4004947,0.32,0.86,0.74,1.0,0.92,0.52,1
2024-12-04 12:00:00+00:00,0.539697,0.0795920400020456,0.1902626444139399,0.008646185,0.0827133204378978,0.39402896,0.34,0.86,0.74,1.0,0.9,0.54,1
2024-12-04 16:00:00+00:00,0.5563104,0.0127368789133151,0.431293388838862,0.005812528,0.491032854247349,0.60990155,0.34,0.88,0.74,1.0,0.9,0.56,1
2024-12-04 20:00:00+00:00,0.5785897,0.05141730677005,0.3248761548632729,0.009490514,0.4226101137285821,0.36062688,0.34,0.88,0.74,1.0,0.9,0.56,1
2024-12-05 12:00:00+00:00,0.6271747,0.5734303056938894,0.308840289365368,0.0129638035,0.1882178861193934,0.8112901,0.34,0.88,0.74,1.0,0.9,0.58,1
2024-12-05 16:00:00+00:00,0.7452277,0.1056353185562225,0.3596224041623018,0.015566354,0.6741618918965586,0.5491947,0.34,0.86,0.74,1.0,0.9,0.58,0
2024-12-05 20:00:00+00:00,0.5608341,0.0782487097686786,0.3104344598192015,0.0044152946,0.3082039297253286,0.35744813,0.34,0.88,0.74,1.0,0.88,0.56,1
2024-12-06 12:00:00+00:00,0.5822262,0.7353042972818673,0.3749449382119631,0.010491223,0.1437465520405202,0.28719926,0.34,0.9,0.74,1.0,0.88,0.58,1
2024-12-06 16:00:00+00:00,0.62702763,0.0096175901056432,0.2684347499034132,0.012346819,0.6207312788647179,0.47481608,0.32,0.88,0.74,1.0,0.88,0.6,1
2024-12-06 20:00:00+00:00,0.8051064,0.1087716024928135,0.5023756381759469,0.012473223,0.6675974570450858,0.5795399,0.3,0.88,0.74,1.0,0.86,0.6,0
2024-12-09 12:00:00+00:00,0.51789474,0.2114273092403567,0.1280441225391604,-0.004659681,0.4619209358411595,0.48518443,0.28,0.88,0.72,1.0,0.84,0.58,1
2024-12-09 16:00:00+00:00,0.51978993,0.0161294841790268,0.132,-0.012470921,0.0705599464035887,0.61647296,0.26,0.88,0.72,1.0,0.84,0.58,1
2024-12-09 20:00:00+00:00,0.6291208,0.0332977513252776,0.3141745970173427,0.0008034102,0.2740189974704162,0.7305699,0.24,0.88,0.72,1.0,0.84,0.58,1
2024-12-10 12:00:00+00:00,0.66769916,0.1799543151493942,0.3562509829018433,0.0039427658,0.5410099011510072,0.75889224,0.24,0.88,0.72,1.0,0.84,0.58,1
2024-12-10 16:00:00+00:00,0.67407334,0.0150601273166346,0.1255035294875754,0.0006695617,0.2929287792900198,0.66304255,0.24,0.88,0.72,1.0,0.82,0.56,0
2024-12-10 20:00:00+00:00,0.6088146,0.0239660390033597,0.1688093040405843,-0.00090123096,0.2597556661291319,0.41125494,0.24,0.88,0.72,1.0,0.82,0.54,1
2024-12-11 12:00:00+00:00,0.68111664,0.0403515242197365,0.0819235181713958,0.0021685169,0.0080914237656614,0.70983684,0.24,0.88,0.72,1.0,0.82,0.54,1
2024-12-11 16:00:00+00:00,0.69330204,0.0275455191579099,0.2588076694314998,-0.00047612996,0.9477566121036616,0.79508805,0.24,0.88,0.72,1.0,0.82,0.52,1
2024-12-11 20:00:00+00:00,0.7054699,0.0816018492868691,0.3902865797204076,-0.0026063062,0.3562644176901719,0.66826653,0.24,0.88,0.72,1.0,0.8,0.52,1
2024-12-12 12:00:00+00:00,0.7240672,0.0108629453044779,0.3290094718810024,-0.0026518418,0.092547839569796,0.68907046,0.24,0.88,0.72,1.0,0.8,0.52,0
2024-12-12 16:00:00+00:00,0.59503293,0.1461862665484668,0.3380022574691911,0.00035368992,0.3546794917139795,0.72452015,0.24,0.88,0.72,1.0,0.8,0.5,0
2024-12-12 20:00:00+00:00,0.51884353,0.0622946133678708,0.3424035674117412,-0.0023013672,0.1147454310689428,0.58702284,0.24,0.9,0.72,1.0,0.82,0.48,1
2024-12-13 12:00:00+00:00,0.57739955,0.0040312100958946,0.3123134852960642,-0.0028297426,0.0648576064905425,0.37652007,0.24,0.9,0.72,1.0,0.84,0.46,1
2024-12-13 16:00:00+00:00,0.6658455,0.0059824753803167,0.2535921712531676,-0.002633935,0.133965822266059,0.34262604,0.24,0.9,0.72,1.0,0.84,0.48,1
2024-12-13 20:00:00+00:00,0.6767994,0.0057893905964046,0.3554958965943675,-0.00037922742,0.0835985399555728,0.692819,0.24,0.9,0.72,1.0,0.84,0.5,1
2024-12-16 12:00:00+00:00,0.745583,0.2781783590120855,0.3090321886269946,0.00052570674,0.1371140497905914,0.64053833,0.22,0.9,0.74,1.0,0.84,0.5,1
2024-12-16 16:00:00+00:00,0.7496374,0.0564873698488442,0.3443653297294702,0.0028437672,0.1815678126354376,0.8719261,0.22,0.9,0.76,1.0,0.84,0.48,1
2024-12-16 20:00:00+00:00,0.7421401,0.015145369451344,0.2995773025317061,0.0039762817,0.2816382745447221,0.75852925,0.22,0.9,0.76,1.0,0.84,0.48,1
2024-12-17 12:00:00+00:00,0.7296137,0.1409286078623657,0.2372799124576527,0.00939337,0.0473076839137134,0.743619,0.22,0.9,0.76,1.0,0.84,0.48,0
2024-12-17 16:00:00+00:00,0.74360806,0.3063283452955074,0.2547517531019144,0.0075476943,0.0244606022524706,0.5102616,0.22,0.92,0.78,1.0,0.84,0.46,1
2024-12-17 20:00:00+00:00,0.7309922,0.0436436843070469,0.2671210486950162,0.0116699,0.0848091425867417,0.767474,0.22,0.92,0.8,1.0,0.84,0.44,0
2024-12-18 12:00:00+00:00,0.6666209,0.0028654463597961,0.2488528616144944,0.0097675845,0.0112227542681717,0.59355867,0.22,0.92,0.8,1.0,0.84,0.42,0
2024-12-18 16:00:00+00:00,0.3332222,0.0027516051132782,0.3417543496826276,0.006935462,0.1009298075202026,0.3351332,0.22,0.94,0.82,1.0,0.86,0.42,0
2024-12-18 20:00:00+00:00,0.15284857,0.0057576103719814,0.2922755926357389,0.004436996,0.8987146955945636,0.31108776,0.24,0.94,0.84,1.0,0.86,0.44,1
2024-12-19 12:00:00+00:00,0.29860482,0.0008817176714592,0.2784120817379457,0.0037270195,0.7231291451372538,0.46427587,0.26,0.94,0.86,1.0,0.84,0.44,0
2024-12-19 16:00:00+00:00,0.26987484,0.0537195280488346,0.2929174276631062,0.0016926683,0.1390707290822429,0.2328542,0.28,0.94,0.88,1.0,0.82,0.44,1
2024-12-19 20:00:00+00:00,0.3432497,0.0006383421751694,0.340842254085158,-6.8011126e-05,0.1566809233002825,0.3441833,0.3,0.94,0.88,1.0,0.82,0.46,0
2024-12-20 12:00:00+00:00,0.39469087,0.0082965129331175,0.3019787065588284,-0.0012672353,0.0494471901003666,0.24915855,0.3,0.94,0.88,1.0,0.82,0.46,1
2024-12-20 16:00:00+00:00,0.4802866,0.0479818154643184,0.3352568549488274,0.0010615928,0.1127061266965624,0.38259548,0.3,0.94,0.9,1.0,0.82,0.48,0
2024-12-20 20:00:00+00:00,0.3341988,0.0004300357843445,0.2577056608803592,-0.0009359676,0.4556496783108551,0.21806109,0.3,0.94,0.92,1.0,0.84,0.48,1
2024-12-23 12:00:00+00:00,0.46151417,0.0005078210622787,0.3012607777376794,-0.0017008606,0.1602695954572077,0.46732983,0.3,0.94,0.94,1.0,0.84,0.48,1
2024-12-24 12:00:00+00:00,0.6248242,0.0473800689817681,0.4898688684265714,-0.00030279072,0.410747066042096,0.5057822,0.3,0.94,0.94,1.0,0.84,0.5,1
2024-12-24 16:00:00+00:00,0.68227607,0.0186861798741319,0.4514582787005923,0.0034533704,0.2731256463792983,0.4688118,0.28,0.94,0.96,1.0,0.84,0.48,0
2024-12-26 12:00:00+00:00,0.63105357,0.2978462016679053,0.4951599618354091,0.002100732,0.1517568533932528,0.36455777,0.26,0.94,0.96,1.0,0.84,0.48,0
2024-12-26 16:00:00+00:00,0.55354035,0.0915600490558684,0.2549736512261507,0.0018689246,0.1725485743399138,0.4247423,0.26,0.96,0.98,1.0,0.84,0.5,0
2024-12-26 20:00:00+00:00,0.51643485,0.0020581715239519,0.4216861564738131,0.0016434827,0.1372243412338988,0.24489038,0.26,0.96,0.98,1.0,0.84,0.52,0
2024-12-27 12:00:00+00:00,0.39811713,0.0040625246382737,0.5338361235793772,-0.0065836934,0.1073070940941663,0.22832169,0.26,0.96,0.98,1.0,0.84,0.52,0
2024-12-27 16:00:00+00:00,0.45132363,0.0688231755801933,0.4840245272804138,-0.004757401,0.1629348835998726,0.07653545,0.28,0.96,0.96,1.0,0.84,0.54,1
2024-12-27 20:00:00+00:00,0.4867322,0.0300536755390476,0.4524737876336951,-0.0007442505,0.1387789208748809,0.43405628,0.28,0.96,0.96,1.0,0.84,0.54,0
2024-12-30 12:00:00+00:00,0.5199982,0.1927757512845785,0.455970375600622,-0.0019970033,0.0705812119166662,0.42587888,0.28,0.96,0.96,1.0,0.84,0.54,1
2024-12-30 16:00:00+00:00,0.4977618,0.0176467359453297,0.4292910254696864,-0.0045999256,0.1840299378975938,0.41955462,0.26,0.96,0.96,1.0,0.84,0.54,0
2024-12-30 20:00:00+00:00,0.4965335,0.0153138322963342,0.4007086442992544,0.0028260106,0.3802957577286065,0.42768463,0.26,0.96,0.96,1.0,0.86,0.54,0
2024-12-31 12:00:00+00:00,0.49215582,0.0356820416552953,0.39155833492084,-0.00019488132,0.2113403142630182,0.2695797,0.28,0.96,0.96,1.0,0.86,0.54,0
2024-12-31 16:00:00+00:00,0.43172863,0.1218456022823774,0.3767647878965868,-0.0057461755,0.139006675829665,0.19404776,0.3,0.96,0.96,1.0,0.86,0.56,0
2024-12-31 20:00:00+00:00,0.40439737,0.0248762852341244,0.4083494320942826,-0.0038716716,0.5086995266557469,0.35652748,0.32,0.96,0.96,1.0,0.86,0.56,0
2025-01-02 12:00:00+00:00,0.39201573,0.0254947870506862,0.3843381362064024,-0.016320717,0.3042479545467544,0.40361258,0.34,0.98,0.96,1.0,0.84,0.58,0
2025-01-02 16:00:00+00:00,0.40757003,0.1770055296349355,0.0499112787110044,-0.01248452,0.3782997415351686,0.2539417,0.36,0.98,0.96,1.0,0.86,0.6,1
2025-01-02 20:00:00+00:00,0.4176458,0.0152816724733035,0.3358611330683135,-0.010320616,0.2375256361836924,0.3646241,0.38,0.98,0.96,1.0,0.86,0.6,1
2025-01-03 12:00:00+00:00,0.56639826,0.0467990144045253,0.3271563205264872,0.0012622741,0.6771544418317985,0.10849944,0.4,1.0,0.96,1.0,0.86,0.6,1
2025-01-03 16:00:00+00:00,0.71869653,0.0312178259330698,0.477586335434259,0.0051972396,0.877345061943622,0.5270208,0.4,1.0,0.96,1.0,0.86,0.6,1
2025-01-03 20:00:00+00:00,0.7282276,0.0841213264735488,0.2658608334686953,0.0026117286,0.2011582881768985,0.47261706,0.4,1.0,0.98,1.0,0.86,0.6,1
2025-01-06 12:00:00+00:00,0.64167476,0.0113267947261119,0.4645443098608883,0.0015795742,0.2695739068611245,0.38003063,0.4,1.0,0.98,1.0,0.86,0.6,0
2025-01-06 16:00:00+00:00,0.51380855,0.0308429815619864,0.4162058491534061,-0.006736706,0.8681799207979355,0.22910886,0.4,1.0,0.98,1.0,0.86,0.62,1
2025-01-06 20:00:00+00:00,0.43085027,0.0012375015030908,0.4721648179010553,-0.006590948,0.4941051331858577,0.46411267,0.4,1.0,0.98,1.0,0.84,0.64,0
2025-01-07 12:00:00+00:00,0.31054667,0.0043889388026125,0.4328509378726541,-0.008214589,0.1616914958304325,0.34428942,0.42,1.0,0.98,1.0,0.86,0.66,0
2025-01-07 16:00:00+00:00,0.37192637,0.0028216661284461,0.4050610254220616,-0.0025499186,0.4259045687386216,0.36743122,0.44,1.0,0.98,1.0,0.86,0.68,1
2025-01-07 20:00:00+00:00,0.3728065,0.001041051975222,0.4508393728867883,-0.0031725643,0.0410258426677878,0.3569325,0.46,1.0,0.98,1.0,0.86,0.68,1
2025-01-08 12:00:00+00:00,0.42993343,0.0078244446603278,0.4734061176048583,-0.0038035796,0.0653517811684753,0.50585735,0.48,1.0,0.98,1.0,0.86,0.7,1
2025-01-08 16:00:00+00:00,0.3646879,0.0855200108237779,0.4483017807114439,-0.003128987,0.104066339650542,0.5377075,0.5,1.0,0.98,1.0,0.88,0.7,0
2025-01-08 20:00:00+00:00,0.34183913,0.1882896847720078,0.4731765535640719,-0.005409456,0.3441466809157016,0.43541574,0.52,1.0,0.98,1.0,0.88,0.7,0
2025-01-10 12:00:00+00:00,0.3214886,0.0132403412973212,0.4336832067460816,-0.010546523,0.120762192984593,0.36196235,0.54,1.0,0.98,1.0,0.88,0.72,1
2025-01-10 16:00:00+00:00,0.38290247,0.0003423443690206,0.4061314787853426,-0.0011987684,0.3186334008373406,0.7326261,0.56,1.0,0.98,1.0,0.88,0.74,0
2025-01-10 20:00:00+00:00,0.39894742,0.2396107470859458,0.4959352144863965,0.0024465758,0.1378269922869717,0.3473354,0.58,1.0,0.98,1.0,0.88,0.74,0
2025-01-13 12:00:00+00:00,0.32764512,0.0508605276710396,0.4356660907151852,-0.0021651995,0.3783338309192632,0.40197936,0.6,1.0,0.98,1.0,0.88,0.74,1
2025-01-13 16:00:00+00:00,0.39852127,0.001128615485091,0.4381947432434975,-0.0030452956,0.0483991084095887,0.43878683,0.62,1.0,0.98,1.0,0.88,0.74,1
2025-01-13 20:00:00+00:00,0.61718154,0.0003381460298974,0.5282794401049193,0.00084536214,0.2738570891581939,0.4216365,0.64,1.0,0.98,1.0,0.88,0.76,1
2025-01-14 12:00:00+00:00,0.6189697,0.0119121439524603,0.489044823118739,0.0055176625,0.0657932152168767,0.39278144,0.64,1.0,0.96,1.0,0.88,0.78,0
2025-01-14 16:00:00+00:00,0.5307712,0.0217896707608986,0.5056428288179298,-0.0067611476,0.1008809703545528,0.15535557,0.64,1.0,0.96,1.0,0.88,0.8,0
2025-01-14 20:00:00+00:00,0.39674267,0.0104680536169167,0.4847676938455011,-0.0015703726,0.6837944321241944,0.22083439,0.64,1.0,0.94,1.0,0.88,0.82,1
2025-01-15 12:00:00+00:00,0.6749517,0.4853233553697851,0.4186948514136875,0.0030658355,0.2917731155206898,0.46624207,0.66,1.0,0.94,1.0,0.86,0.84,1
2025-01-15 16:00:00+00:00,0.8085773,0.1432966492000517,0.342420041941961,0.0018890353,0.6900118945783315,0.6671921,0.66,1.0,0.94,1.0,0.86,0.86,1
2025-01-15 20:00:00+00:00,0.8137851,0.0340047205131571,0.535926602825764,0.006157092,0.1817158751542293,0.5406556,0.66,1.0,0.94,1.0,0.84,0.86,0
2025-01-16 12:00:00+00:00,0.4534414,0.0467457319492944,0.5293430985755692,-0.0036012235,0.1648223785257609,0.34748814,0.66,1.0,0.92,1.0,0.84,0.86,0
2025-01-16 16:00:00+00:00,0.41600338,0.0140349460466971,0.5707184736331601,-0.005442161,0.089267895745047,0.42472106,0.66,1.0,0.9,1.0,0.84,0.86,1
2025-01-16 20:00:00+00:00,0.39476895,0.038212629527451,0.5782843301320323,-0.003973227,0.0721889533597006,0.53444713,0.66,1.0,0.88,1.0,0.86,0.86,1
2025-01-17 12:00:00+00:00,0.53879356,0.5946594418777701,0.553504010845573,0.0054335194,0.1547232812451026,0.53900355,0.66,1.0,0.86,1.0,0.88,0.84,1
2025-01-17 16:00:00+00:00,0.6609149,0.1052021381730716,0.5498691383669289,0.011034202,0.3464771427392852,0.571563,0.64,0.98,0.84,1.0,0.88,0.82,0
2025-01-17 20:00:00+00:00,0.4167358,0.0390351233755052,0.5160932786360616,0.008730954,0.4515569098610969,0.3826653,0.62,0.98,0.82,1.0,0.88,0.8,0
2025-01-21 12:00:00+00:00,0.30882704,0.0611639049239343,0.3280166263675972,-0.0013112015,0.1407621201659679,0.46323553,0.62,0.98,0.8,1.0,0.88,0.8,1
2025-01-21 16:00:00+00:00,0.29968205,0.4863494135995082,0.4130601546820522,-0.00536049,0.1525104044248808,0.6338047,0.62,0.98,0.8,1.0,0.88,0.8,1
2025-01-21 20:00:00+00:00,0.3747585,0.1592551974061654,0.4969100563521019,0.008597221,0.2779601010105861,0.59472847,0.62,0.98,0.8,1.0,0.88,0.78,0
2025-01-22 12:00:00+00:00,0.41667262,0.9324190553524048,0.4313177362117451,-0.0014058283,0.0376223956111312,0.4440182,0.62,0.98,0.8,1.0,0.88,0.76,0
2025-01-22 16:00:00+00:00,0.43127617,0.1191889773832066,0.4800899630786466,-0.0017467752,0.3108428738565246,0.45718455,0.64,0.96,0.8,1.0,0.88,0.78,0
2025-01-22 20:00:00+00:00,0.31741565,0.0266275334852938,0.4916783907572902,-0.007147909,0.488419468363799,0.28554052,0.66,0.96,0.8,1.0,0.88,0.78,0
2025-01-23 12:00:00+00:00,0.55272436,0.0194125233601204,0.5344503786091095,-0.006676123,0.0910008500593326,0.21955056,0.68,0.96,0.8,1.0,0.88,0.78,0
2025-01-23 16:00:00+00:00,0.5961633,0.016121428527525,0.5436248855099688,-0.0139685245,0.1786556854714623,0.19890061,0.68,0.96,0.78,1.0,0.88,0.78,1
2025-01-23 20:00:00+00:00,0.6285872,0.0437422019505198,0.5419394761565652,-0.0064278543,0.3545165440456315,0.2102421,0.68,0.96,0.76,1.0,0.88,0.78,1
2025-01-24 12:00:00+00:00,0.6400539,0.0075203519241029,0.5390243849005669,-0.0013237667,0.0137743789523162,0.47427884,0.66,0.96,0.76,1.0,0.88,0.78,0
2025-01-24 16:00:00+00:00,0.5738284,0.0061313545776247,0.519014184381004,-0.00653554,0.2872141096668575,0.41946355,0.64,0.96,0.74,1.0,0.88,0.78,0
2025-01-24 20:00:00+00:00,0.5448952,0.0029996839881489,0.5312463107654388,-0.0058920374,0.1376712127720304,0.36144826,0.62,0.96,0.72,1.0,0.88,0.78,0
2025-01-27 12:00:00+00:00,0.4789629,0.0022212408471665,0.5351144642138046,-0.010256705,0.6840605009801747,0.9174045,0.62,0.96,0.7,1.0,0.88,0.78,0
2025-01-27 16:00:00+00:00,0.3039385,0.0178392479811328,0.4411734507293107,-0.006767833,0.8002516159511104,0.4773756,0.62,0.96,0.68,1.0,0.86,0.76,1
2025-01-27 20:00:00+00:00,0.48112056,0.2904145283996547,0.5598612443477893,0.0019449145,0.4509509366344552,0.5454132,0.62,0.96,0.68,1.0,0.84,0.76,0
2025-01-28 12:00:00+00:00,0.3738838,0.2903624296962463,0.4939242284309657,-0.0021727225,0.1657761583925256,0.443478,0.62,0.96,0.66,1.0,0.84,0.74,1
2025-01-28 16:00:00+00:00,0.5936897,0.6530480564183349,0.5028088786623346,0.010049344,0.6004803577251523,0.7403598,0.62,0.96,0.66,1.0,0.84,0.74,0
2025-01-28 20:00:00+00:00,0.5966256,0.0245633335707246,0.4915651274807495,0.0029004628,0.3064224523795776,0.4474853,0.6,0.94,0.64,1.0,0.84,0.72,0
2025-01-29 12:00:00+00:00,0.4412719,0.1700850414747197,0.4858677897131299,-0.0029536916,0.1169200198246177,0.73401916,0.58,0.94,0.64,1.0,0.84,0.72,0
2025-01-29 16:00:00+00:00,0.3865776,0.0233832211765506,0.4472837403815979,-0.00032226936,0.1778977502823123,0.32583767,0.58,0.94,0.64,1.0,0.84,0.7,1
2025-01-29 20:00:00+00:00,0.7594032,0.0934376507458864,0.4196132794170473,0.014145218,0.3530379738646942,0.56519693,0.58,0.94,0.64,1.0,0.84,0.7,0
2025-01-30 12:00:00+00:00,0.5070893,0.1511962070410914,0.2562682789474003,-0.0015089464,0.7775754489217123,0.636531,0.58,0.94,0.64,1.0,0.86,0.68,1
2025-01-30 16:00:00+00:00,0.630736,0.9570815309874242,0.3367471962927719,0.0044026957,0.9287872672499516,0.3574603,0.58,0.94,0.64,1.0,0.86,0.68,0
2025-01-30 20:00:00+00:00,0.701104,0.196478813634111,0.2710949572591541,0.0025996868,0.7503394034248014,0.44909987,0.58,0.92,0.64,1.0,0.84,0.68,1
2025-01-31 12:00:00+00:00,0.5586037,0.6958163999327759,0.3728645144724497,0.0021037436,0.8276853456344937,0.55615896,0.58,0.92,0.64,1.0,0.82,0.68,0
2025-01-31 16:00:00+00:00,0.46624586,0.0215406069909707,0.3722673647074729,-0.0060851597,0.8270030878605273,0.5637975,0.58,0.9,0.64,1.0,0.82,0.66,0
2025-01-31 20:00:00+00:00,0.44603184,0.035363364162047,0.2921664815030569,0.001611335,0.0776482634302976,0.5111698,0.58,0.9,0.64,1.0,0.8,0.64,0
2025-02-03 12:00:00+00:00,0.2525098,0.0944145007186219,0.5169286615998976,-0.012314693,0.0531867747724991,0.45791614,0.58,0.9,0.64,1.0,0.8,0.62,0
2025-02-03 16:00:00+00:00,0.23999567,0.1085509592208059,0.480464695690175,-0.0073714377,0.3577301894148698,0.36664316,0.58,0.9,0.62,1.0,0.8,0.62,0
2025-02-03 20:00:00+00:00,0.49332914,0.0375213426804696,0.4615814712038796,-0.00616775,0.4457958944632738,0.34729633,0.58,0.9,0.62,1.0,0.8,0.62,0
2025-02-04 12:00:00+00:00,0.59817266,0.0267462984900987,0.4352606248894083,-0.0042406763,0.084515403769725,0.2771504,0.58,0.9,0.62,1.0,0.8,0.64,1
2025-02-04 16:00:00+00:00,0.6228903,0.0171576211114795,0.4741823715805426,-0.005040387,0.4326497229251165,0.7711897,0.56,0.9,0.62,1.0,0.8,0.66,1
2025-02-04 20:00:00+00:00,0.82804227,0.1082509245085419,0.512954167846942,0.01077483,0.4008715860291228,0.56914014,0.54,0.9,0.62,1.0,0.8,0.64,0
2025-02-05 12:00:00+00:00,0.6064177,0.6588102463876421,0.5164903125088638,-0.003793397,0.1571642069419232,0.29762372,0.52,0.9,0.6,1.0,0.8,0.62,0
2025-02-05 16:00:00+00:00,0.4119763,0.18963430227679,0.5153592362053374,-0.0021911804,0.250212601305928,0.53744173,0.5,0.88,0.58,1.0,0.8,0.64,0
2025-02-05 20:00:00+00:00,0.50828266,0.082776636206512,0.5244921872406249,-0.0055455123,0.4310750229746286,0.42697522,0.5,0.88,0.56,1.0,0.8,0.62,0
2025-02-06 12:00:00+00:00,0.3126624,0.4321170015027594,0.5220118764724223,-0.016202208,0.5476373839925924,0.26384443,0.48,0.88,0.54,1.0,0.8,0.62,1
2025-02-06 16:00:00+00:00,0.45553946,0.0980236181473387,0.4966544064873851,-0.0019886538,0.186319650560529,0.5492918,0.48,0.88,0.52,1.0,0.78,0.62,1
2025-02-06 20:00:00+00:00,0.58267057,0.1701842562869063,0.5013470338005648,0.0034790654,0.2890106723541033,0.4150539,0.5,0.88,0.54,1.0,0.78,0.6,0
2025-02-07 12:00:00+00:00,0.5779489,0.2310575824717312,0.5093569395885097,0.003702787,0.0462934075669712,0.47975153,0.5,0.88,0.52,1.0,0.78,0.6,0
2025-02-07 16:00:00+00:00,0.34751582,0.6297866614357679,0.5103631842114089,-0.010942254,0.6989954630064241,0.27722952,0.5,0.88,0.52,1.0,0.78,0.6,0
2025-02-07 20:00:00+00:00,0.32980794,0.5467154385111418,0.5177581548366978,-0.007417561,0.3225868217860009,0.4715573,0.5,0.86,0.5,1.0,0.78,0.6,0
2025-02-10 12:00:00+00:00,0.30739227,0.3737159112989329,0.50983888669582,-0.0004857959,0.0426370336480597,0.8119985,0.52,0.84,0.48,1.0,0.78,0.6,0
2025-02-10 16:00:00+00:00,0.45166263,0.1690363252656583,0.515856020625295,-0.0043086284,0.0945545318965317,0.37342882,0.54,0.84,0.46,1.0,0.8,0.6,0
2025-02-10 20:00:00+00:00,0.44301262,0.0582582241476649,0.5161340633547348,-0.0032466059,0.5673252186851512,0.35329774,0.56,0.84,0.46,1.0,0.8,0.62,0
2025-02-11 12:00:00+00:00,0.31838387,0.4333986126520473,0.5650247840936573,-0.021140521,0.5986142063743545,0.7613805,0.56,0.84,0.46,1.0,0.78,0.62,0
2025-02-11 16:00:00+00:00,0.34862322,0.1524852444331465,0.5103331989896118,-0.015143062,0.9386359790822189,0.5961011,0.56,0.84,0.46,1.0,0.76,0.6,0
2025-02-11 20:00:00+00:00,0.35110164,0.0312100121762744,0.5293679125623093,0.0024331578,0.1412289918734105,0.38654864,0.56,0.84,0.46,1.0,0.74,0.6,1
2025-02-12 12:00:00+00:00,0.52710074,0.0920972218641321,0.586820290633713,0.023082763,0.7092594520713601,0.21779373,0.58,0.86,0.46,1.0,0.74,0.62,1
2025-02-12 16:00:00+00:00,0.6265468,0.1011541742083116,0.5159164542134473,0.012659412,0.4684365593743591,0.5493122,0.58,0.86,0.46,1.0,0.72,0.64,0
2025-02-12 20:00:00+00:00,0.5531965,0.2847310125346644,0.5455271960556022,-0.016573338,0.7489891784748628,0.38528767,0.56,0.86,0.46,1.0,0.72,0.62,1
2025-02-13 12:00:00+00:00,0.826748,0.8699346979950466,0.5130637303085667,0.026612693,0.5884997416620273,0.67018807,0.54,0.86,0.44,1.0,0.7,0.62,0
2025-02-13 16:00:00+00:00,0.43247658,0.0420388925424424,0.5417164254271922,-0.00048139988,0.2941462617013285,0.5276877,0.52,0.84,0.42,1.0,0.68,0.62,1
2025-02-13 20:00:00+00:00,0.47398236,0.1664993587182152,0.5266831531168428,0.01276167,0.6742465101180819,0.4649532,0.52,0.84,0.4,1.0,0.68,0.62,0
2025-02-14 12:00:00+00:00,0.38976124,0.0194644691210282,0.5315892892900932,-0.0111768935,0.8568239767004053,0.48062283,0.52,0.86,0.38,1.0,0.66,0.62,1
2025-02-14 16:00:00+00:00,0.49025053,0.2363358635506914,0.5238690343719354,0.008282625,0.3248519986037262,0.5675442,0.52,0.86,0.36,1.0,0.64,0.62,1
2025-02-14 20:00:00+00:00,0.51395947,0.2448028734053477,0.5660741844937004,0.009271346,0.3345071473621034,0.5202218,0.52,0.86,0.34,1.0,0.64,0.6,1
2025-02-18 12:00:00+00:00,0.52390116,0.0591392897955079,0.541720627331145,0.0003940578,0.3353150805827933,0.46187657,0.52,0.86,0.34,1.0,0.64,0.58,0
2025-02-18 16:00:00+00:00,0.4717554,0.1538186236176994,0.5530806613210745,-0.0021116454,0.2715509537414943,0.45856518,0.52,0.86,0.34,1.0,0.64,0.58,1
2025-02-18 20:00:00+00:00,0.4190381,0.0485829101800514,0.5225595533022968,0.006833728,0.2256439041343265,0.45855862,0.54,0.86,0.34,1.0,0.64,0.58,1
2025-02-19 12:00:00+00:00,0.54462224,0.0365985561614472,0.5167958942088814,0.005733079,0.14067637505964,0.60452676,0.56,0.86,0.34,1.0,0.64,0.58,1
2025-02-19 16:00:00+00:00,0.5473674,0.3123512470906899,0.5230548735280436,0.0044276365,0.0595335043647291,0.55685526,0.56,0.86,0.34,1.0,0.64,0.56,0
2025-02-19 20:00:00+00:00,0.5473914,0.7160004774938457,0.5230153900208594,-0.0027482526,0.2494157362987776,0.49395347,0.56,0.86,0.34,1.0,0.64,0.54,0
2025-02-20 12:00:00+00:00,0.33178267,0.6106338537287884,0.5474984133686862,-0.015667304,0.7925607473794005,0.6219839,0.54,0.84,0.34,1.0,0.66,0.56,1
2025-02-20 16:00:00+00:00,0.42130098,0.772997457792074,0.5269741759480355,0.012835285,0.512757717820265,0.64685297,0.54,0.82,0.32,1.0,0.66,0.54,1
2025-02-20 20:00:00+00:00,0.46704176,0.0905574597715263,0.5733681422251915,0.0015507729,0.389829332859032,0.56908435,0.54,0.8,0.32,1.0,0.64,0.54,0
2025-02-21 12:00:00+00:00,0.3744048,0.1903073496076502,0.5566079171848567,-0.016658857,0.2573890217426812,0.6898328,0.54,0.8,0.3,1.0,0.64,0.52,0
2025-02-21 16:00:00+00:00,0.20148864,0.9627010361936646,0.4965139580389375,-0.02059244,0.8026109064106223,0.33145785,0.56,0.82,0.3,1.0,0.66,0.52,1
2025-02-21 20:00:00+00:00,0.45679772,0.3224471091694384,0.5038409873296941,-0.001761468,0.2458197987466111,0.44815594,0.58,0.8,0.3,1.0,0.64,0.52,0
2025-02-24 12:00:00+00:00,0.4879608,0.0878946378481934,0.4350174645324044,-0.008166007,0.6813011741852756,0.60723263,0.58,0.8,0.28,1.0,0.64,0.54,1
2025-02-24 16:00:00+00:00,0.58918977,0.1319002257662968,0.4330579515914751,0.011565414,0.1352017761054224,0.5506349,0.58,0.8,0.28,1.0,0.62,0.52,0
2025-02-24 20:00:00+00:00,0.56781393,0.1398802835527287,0.4688694011543005,-0.012250119,0.3580240718171483,0.46058565,0.58,0.8,0.28,1.0,0.62,0.52,0
2025-02-25 12:00:00+00:00,0.41946328,0.0395404747140028,0.299223554501347,-0.023105368,0.9380696656228388,0.5296909,0.58,0.8,0.28,1.0,0.64,0.54,0
2025-02-25 16:00:00+00:00,0.48873976,0.4087771499973519,0.2845596980024885,-0.02063363,0.3985067514005954,0.52055734,0.6,0.82,0.28,1.0,0.64,0.52,1
2025-02-25 20:00:00+00:00,0.45415944,0.2885768798462328,0.4276196108075024,0.0036354356,0.1126036077697655,0.67660004,0.62,0.82,0.28,1.0,0.66,0.5,0
2025-02-26 12:00:00+00:00,0.46342838,0.0958596681377129,0.4096862531669936,-0.005130637,0.1764020987409347,0.647883,0.64,0.84,0.28,1.0,0.68,0.5,0
2025-02-26 16:00:00+00:00,0.44127664,0.9552010237655744,0.3819197088982459,-0.020256935,0.7781896934707605,0.5361222,0.64,0.84,0.28,1.0,0.7,0.5,1
2025-02-26 20:00:00+00:00,0.4255327,0.0746110019012765,0.4564014364882319,0.005062883,0.2666402205276815,0.62057877,0.64,0.82,0.28,1.0,0.68,0.5,0
2025-02-27 12:00:00+00:00,0.45966518,0.0709557293112311,0.3857668990106459,-0.0025075788,0.5139199313120976,0.554618,0.64,0.82,0.3,1.0,0.68,0.48,0
2025-02-27 16:00:00+00:00,0.43686554,0.0755268256820542,0.4165951519180948,-0.004275741,0.2261312711579578,0.6802253,0.64,0.82,0.3,1.0,0.66,0.46,0
2025-02-27 20:00:00+00:00,0.41279262,0.2348479702891932,0.454414417759085,-0.0010577496,0.3660902911554486,0.443816,0.64,0.82,0.3,1.0,0.66,0.44,1
2025-02-28 12:00:00+00:00,0.5285229,0.2281555459213417,0.4711595300921967,0.012574507,0.5363280805728315,0.41562682,0.66,0.82,0.3,1.0,0.66,0.44,0
2025-02-28 16:00:00+00:00,0.50891846,0.1898937390162595,0.3848875808131474,-0.0064006834,0.0616769136764258,0.5554582,0.66,0.82,0.3,1.0,0.64,0.46,1
2025-02-28 20:00:00+00:00,0.51927483,0.7114448480334945,0.4851598664958895,0.008103708,0.4167127704558332,0.35834587,0.66,0.82,0.32,1.0,0.64,0.46,1
2025-03-03 12:00:00+00:00,0.45108488,0.2206537497098847,0.4088165710749029,0.005979872,0.5522985852875728,0.620892,0.66,0.82,0.34,1.0,0.64,0.46,0
2025-03-03 16:00:00+00:00,0.27885753,0.8107827779228524,0.3485412734059673,-0.02086784,0.3620446553735092,0.29186517,0.66,0.82,0.36,1.0,0.62,0.46,1
2025-03-03 20:00:00+00:00,0.29670155,0.1642871741750577,0.2629913000991623,-0.00096321193,0.2028456265336485,0.7169042,0.68,0.8,0.38,1.0,0.62,0.46,0
2025-03-04 12:00:00+00:00,0.21461582,0.75058149441154,0.2441088034548739,-0.019169418,0.7611402253858661,0.37984934,0.68,0.8,0.4,1.0,0.64,0.44,1
2025-03-04 16:00:00+00:00,0.6979759,0.1106208501368026,0.1398501312544745,0.010612067,0.869567590663278,0.48935434,0.68,0.78,0.4,1.0,0.62,0.46,0
2025-03-04 20:00:00+00:00,0.295702,0.0654686090861148,0.3133028775170328,-0.0077475887,0.4405709097417001,0.5238597,0.68,0.78,0.42,1.0,0.6,0.46,1
2025-03-05 12:00:00+00:00,0.669408,0.0887978367225146,0.313341484032896,-0.0014153979,0.0486269870395031,0.5821141,0.7,0.78,0.44,1.0,0.6,0.44,1
2025-03-05 16:00:00+00:00,0.41326344,0.1188895434135703,0.2768475635026629,0.005301805,0.3039277244755128,0.6673196,0.68,0.8,0.46,1.0,0.62,0.42,1
2025-03-05 20:00:00+00:00,0.42012975,0.1089310218089529,0.392842343670137,0.011328544,0.1766769448520929,0.6597404,0.68,0.82,0.48,1.0,0.62,0.4,0
2025-03-06 12:00:00+00:00,0.32405868,0.1331871677785941,0.3338598346652957,-0.010963127,0.1128936511360059,0.59041244,0.68,0.82,0.5,1.0,0.62,0.4,0
2025-03-06 16:00:00+00:00,0.35183266,0.021729723336017,0.2698932563483246,-0.017736284,0.672368851136225,0.53237456,0.68,0.82,0.52,1.0,0.62,0.38,1
2025-03-06 20:00:00+00:00,0.401013,0.0208364385657745,0.4784788931371981,-0.00032929177,0.272372522735454,0.56602454,0.68,0.82,0.54,1.0,0.62,0.36,0
2025-03-07 12:00:00+00:00,0.46539754,0.0158158336066323,0.491825169152957,-0.0025066761,0.1376264917124898,0.6287312,0.68,0.82,0.56,1.0,0.64,0.36,1
2025-03-07 16:00:00+00:00,0.45414004,0.0341847190176736,0.4434611954023909,-0.0043186406,0.1545805572494291,0.4976071,0.68,0.82,0.58,1.0,0.66,0.36,1
2025-03-07 20:00:00+00:00,0.5163753,0.0034976216811518,0.2118122614338185,0.008579727,0.3313402089108746,0.60497016,0.68,0.82,0.6,1.0,0.66,0.36,0
2025-03-11 12:00:00+00:00,0.14663757,0.0626744455173668,0.1458083673205112,-0.04372772,0.3199832900534954,0.5012958,0.68,0.82,0.62,1.0,0.68,0.34,1
2025-03-11 16:00:00+00:00,0.5028559,0.0565143113507573,0.1700445839254569,-0.009106414,0.2656350790947863,0.60279423,0.7,0.82,0.64,1.0,0.68,0.34,0
2025-03-11 20:00:00+00:00,0.5633372,0.112983756046788,0.4465409704276911,0.003180825,0.6954360224493409,0.7458297,0.7,0.82,0.66,1.0,0.7,0.32,1
2025-03-12 12:00:00+00:00,0.7983409,0.0360247346815226,0.4061082161507531,0.02863069,0.2858742453195086,0.52479136,0.7,0.84,0.68,1.0,0.7,0.32,1
2025-03-12 16:00:00+00:00,0.75487834,0.0774990921893585,0.068418670681867,0.0075378497,0.1225538468588513,0.47638035,0.68,0.84,0.7,1.0,0.7,0.32,0
2025-03-13 12:00:00+00:00,0.5998557,0.0795857968729859,0.2233729401291215,-0.026598388,0.6967528426939643,0.44389927,0.66,0.84,0.72,1.0,0.72,0.32,1
2025-03-13 16:00:00+00:00,0.7827021,0.0754940741225057,0.4475924370715508,0.012406004,0.4056156915018973,0.5944833,0.64,0.84,0.74,1.0,0.72,0.32,1
2025-03-14 12:00:00+00:00,0.63073665,0.0074840778085313,0.3740026359826953,0.014930797,0.0360002983502983,0.5679522,0.62,0.84,0.76,1.0,0.72,0.32,1
2025-03-14 16:00:00+00:00,0.5127275,0.0155067577543581,0.3535167402893583,0.0054065175,0.3218773870666742,0.45907652,0.62,0.84,0.78,1.0,0.72,0.32,0
2025-03-17 12:00:00+00:00,0.36929563,0.5085225539918093,0.1723493612950297,-0.032088667,0.9490805554067272,0.5534948,0.62,0.84,0.8,1.0,0.72,0.32,1
2025-03-17 16:00:00+00:00,0.42170304,0.0131981171460954,0.3784576453289802,0.010257619,0.2193665232078245,0.58523774,0.62,0.82,0.82,1.0,0.7,0.3,0
2025-03-18 12:00:00+00:00,0.35690317,0.0580174449535262,0.2657736498949533,-0.009587103,0.1274282049913769,0.46915928,0.62,0.82,0.84,1.0,0.7,0.28,0
2025-03-18 16:00:00+00:00,0.35032347,0.0130058288652698,0.3152289810005101,-0.011630292,0.4841534893530159,0.41339248,0.64,0.82,0.86,1.0,0.7,0.3,1
2025-03-19 12:00:00+00:00,0.5784915,0.6049890248726661,0.4982582433156726,0.017214736,0.2375787587424982,0.56315565,0.66,0.82,0.88,1.0,0.7,0.32,1
2025-03-19 16:00:00+00:00,0.49848077,0.0677883442447958,0.1446570447259751,0.0013169344,0.1181600523723291,0.5103936,0.66,0.82,0.9,1.0,0.7,0.3,0
2025-03-20 12:00:00+00:00,0.41589767,0.0138201213595031,0.4509527269313926,-0.011812121,0.0479418302262011,0.4197327,0.66,0.84,0.92,1.0,0.72,0.3,1
2025-03-20 16:00:00+00:00,0.52859426,0.0570688891024201,0.4232483758055393,0.0062687285,0.5893478145072241,0.5114773,0.66,0.86,0.94,1.0,0.74,0.32,1
2025-03-21 12:00:00+00:00,0.5146923,0.2236136185372831,0.5337530369839371,0.014390369,0.1597130988838157,0.84287196,0.64,0.86,0.96,1.0,0.72,0.32,1
2025-03-21 16:00:00+00:00,0.7515595,0.0966111807387146,0.2301335355081156,0.015615703,0.6081305575538469,0.88962406,0.62,0.86,0.96,1.0,0.72,0.32,1
2025-03-21 20:00:00+00:00,0.68599284,0.0360653566478424,0.5735134695707413,8.45888e-05,0.4511886772708014,0.50693613,0.6,0.88,0.96,1.0,0.72,0.3,1
2025-03-24 12:00:00+00:00,0.7843379,0.8820329536812636,0.2992880288584985,0.0331737,0.9490648022465046,0.6407976,0.58,0.88,0.96,1.0,0.72,0.28,1
2025-03-24 16:00:00+00:00,0.7831367,0.6479215575820254,0.2153494149404484,0.016298689,0.8724119547511159,0.69462764,0.56,0.86,0.96,1.0,0.72,0.28,0
2025-03-25 12:00:00+00:00,0.7606223,0.3503700107363918,0.4503034605839609,0.0068607335,0.0953039990590918,0.26316628,0.56,0.84,0.96,1.0,0.7,0.28,1
2025-03-25 16:00:00+00:00,0.7257161,0.9659760654179874,0.409102447570997,0.016005527,0.8860519075842487,0.66436315,0.56,0.84,0.96,1.0,0.7,0.28,1
2025-03-25 20:00:00+00:00,0.6935664,0.4641820722882798,0.5156663298719316,0.015066682,0.8786314124215681,0.29384136,0.54,0.82,0.96,1.0,0.7,0.28,0
2025-03-26 12:00:00+00:00,0.35144624,0.7466439421245008,0.5656587943247261,-0.012442579,0.8987259646708902,0.20089583,0.52,0.82,0.94,1.0,0.68,0.3,0
2025-03-26 16:00:00+00:00,0.32939345,0.0629599342435137,0.3112987690454483,-0.0016033492,0.1233036983283116,0.7086115,0.52,0.8,0.92,1.0,0.66,0.32,1
2025-03-26 20:00:00+00:00,0.3716465,0.0058956544800318,0.5592423332481828,0.0050381594,0.305590471558549,0.552744,0.52,0.8,0.92,1.0,0.66,0.32,1
2025-03-27 12:00:00+00:00,0.4941561,0.2325978995874965,0.5256184997841497,0.017193118,0.2895373344637677,0.37014043,0.52,0.82,0.9,1.0,0.68,0.32,0
2025-03-27 16:00:00+00:00,0.38127244,0.5965998081658329,0.4791559064667821,-0.008741241,0.6780649485777309,0.264939,0.52,0.82,0.88,1.0,0.68,0.34,0
2025-03-28 12:00:00+00:00,0.3157049,0.0365201601768043,0.428306056953765,-0.01665461,0.8503437816590013,0.3528979,0.52,0.8,0.88,1.0,0.68,0.36,0
2025-03-28 16:00:00+00:00,0.36193594,0.0243294947812702,0.4189522776048572,-0.006079316,0.2990636407015115,0.4576067,0.52,0.8,0.88,1.0,0.66,0.38,0
2025-03-31 12:00:00+00:00,0.36665618,0.0417850863660487,0.4300614478624274,-0.032092843,0.5953167868318694,0.47083563,0.52,0.8,0.88,1.0,0.66,0.38,1
2025-03-31 16:00:00+00:00,0.62335426,0.0173364160692422,0.4556502264941856,0.0052260105,0.6337035095558542,0.5903012,0.54,0.8,0.88,1.0,0.66,0.38,0
2025-03-31 20:00:00+00:00,0.6224339,0.2313157894665266,0.577824163533477,0.001935608,0.5604131099231104,0.54345244,0.54,0.8,0.88,1.0,0.64,0.38,1
2025-04-01 12:00:00+00:00,0.7396408,0.6035354170071096,0.4857819781430335,0.019615145,0.6567064908033918,0.46959728,0.54,0.82,0.86,1.0,0.62,0.36,0
2025-04-01 16:00:00+00:00,0.5784538,0.6743616399213122,0.4621208990269996,0.0019403748,0.645209349875409,0.37873495,0.52,0.8,0.86,1.0,0.62,0.38,1
2025-04-02 12:00:00+00:00,0.7375016,0.5170713144590731,0.3641932210703348,0.022951817,0.6923070718044833,0.38772032,0.5,0.8,0.86,1.0,0.6,0.38,1
2025-04-02 16:00:00+00:00,0.4185703,0.2314295621564894,0.3454949054322707,0.0113732815,0.8955305862002468,0.5698019,0.48,0.78,0.86,1.0,0.58,0.4,0
2025-04-02 20:00:00+00:00,0.35844323,0.1035585249583917,0.3286064121522355,-0.015668938,0.7153628017068178,0.55422455,0.48,0.8,0.86,1.0,0.58,0.38,0
2025-04-03 12:00:00+00:00,0.416866,0.1050572339165117,0.3229219186158135,-0.014224392,0.0977688484104232,0.42329752,0.5,0.8,0.86,1.0,0.58,0.36,0
2025-04-03 16:00:00+00:00,0.25469047,0.0366009892886601,0.3364095608888566,-0.0018967194,0.1217531848038477,0.48293367,0.5,0.8,0.86,1.0,0.58,0.38,0
2025-04-04 12:00:00+00:00,0.3546228,0.1409497492040442,0.3546805243801784,-0.03513988,0.6274779780313078,0.2570828,0.52,0.8,0.86,1.0,0.58,0.4,0
2025-04-04 16:00:00+00:00,0.4189528,0.0202622174634825,0.3905425850077739,-0.016711077,0.1677173389245279,0.42200547,0.52,0.8,0.86,1.0,0.56,0.42,0
2025-04-07 12:00:00+00:00,0.32207906,0.0323853486838246,0.3362905005524575,-0.0094246585,0.2291392237534879,0.35089058,0.52,0.8,0.86,1.0,0.56,0.44,1
2025-04-07 16:00:00+00:00,0.42998233,0.0142678937800824,0.3823983251575634,0.017939469,0.2130367857963955,0.35458347,0.52,0.8,0.86,1.0,0.56,0.46,1
2025-04-07 20:00:00+00:00,0.37268683,0.0151520531061519,0.5717974922062267,0.011184612,0.5213978882871216,0.62672263,0.52,0.8,0.86,1.0,0.58,0.48,1
2025-04-08 12:00:00+00:00,0.6235586,0.1671952695341941,0.4224233623601847,0.024131853,0.0374860544306644,0.53984296,0.52,0.8,0.84,1.0,0.56,0.48,0
2025-04-08 16:00:00+00:00,0.4690378,0.201426295912741,0.393640012088529,-0.017560404,0.8743261869129607,0.44622165,0.5,0.8,0.84,1.0,0.56,0.48,1
2025-04-09 12:00:00+00:00,0.4870035,0.1839418739124762,0.4413031918607574,0.014403166,0.1001276461681338,0.47442842,0.5,0.8,0.84,1.0,0.54,0.48,1
2025-04-09 16:00:00+00:00,0.8319003,0.9332866911037458,0.4686137589256498,0.03795859,0.9584626399352892,0.4555343,0.52,0.8,0.84,1.0,0.54,0.5,1
2025-04-09 20:00:00+00:00,0.65539026,0.5021717282584168,0.1918299651026088,0.020536272,0.2839761174749531,0.4794635,0.5,0.78,0.84,1.0,0.52,0.52,0
2025-04-10 12:00:00+00:00,0.3413723,0.3194804131769658,0.4375278120337501,-0.03386478,0.7494345827339526,0.24932365,0.5,0.76,0.84,1.0,0.52,0.54,1
2025-04-10 16:00:00+00:00,0.35446414,0.2623609120465779,0.4920386699145457,-0.0010739347,0.7661314608695504,0.4540431,0.52,0.76,0.84,1.0,0.52,0.56,0
2025-04-11 12:00:00+00:00,0.3662413,0.0733337249844582,0.2494398034891434,-0.00845859,0.3111427080221482,0.32698792,0.54,0.76,0.84,1.0,0.5,0.58,1
2025-04-11 16:00:00+00:00,0.41848204,0.39628232251853,0.4557305207125032,0.026907353,0.3125601958282801,0.5892666,0.56,0.76,0.84,1.0,0.5,0.58,0
2025-04-14 12:00:00+00:00,0.4151885,0.3410504732395406,0.3243794069051838,0.010393785,0.6753733954464881,0.47836065,0.58,0.76,0.84,1.0,0.52,0.56,1
2025-04-14 16:00:00+00:00,0.42939198,0.5700956787328928,0.4456124414426049,0.01738004,0.4795208960379704,0.6086215,0.6,0.76,0.84,1.0,0.5,0.58,1
2025-04-15 12:00:00+00:00,0.45871252,0.4588143925407327,0.174956653747325,0.002759918,0.2143822830613552,0.6915946,0.62,0.74,0.84,1.0,0.5,0.58,0
2025-04-15 16:00:00+00:00,0.4488242,0.3856050824224677,0.2557492922790382,-0.0073390305,0.1950779381892015,0.46420676,0.64,0.74,0.84,1.0,0.5,0.56,0
2025-04-16 12:00:00+00:00,0.4081718,0.2182989490771643,0.4109404288467944,-0.0077020344,0.1155655700744577,0.49876282,0.64,0.76,0.84,1.0,0.52,0.58,0
2025-04-16 16:00:00+00:00,0.3663277,0.2406960527667837,0.3864219785360267,-0.01619936,0.3600363960548448,0.3763943,0.64,0.76,0.84,1.0,0.52,0.6,0
2025-04-17 12:00:00+00:00,0.33676735,0.1036024575865283,0.420187150182164,-0.018134888,0.5336990382455008,0.4420475,0.64,0.76,0.84,1.0,0.52,0.6,1
2025-04-17 16:00:00+00:00,0.5554147,0.1313431599814876,0.4825286245468991,0.00945844,0.4429730945561355,0.44502148,0.64,0.76,0.84,1.0,0.5,0.6,1
2025-04-17 20:00:00+00:00,0.56793195,0.0457047084970825,0.6056735181554233,-0.004364288,0.4805566877469915,0.5432243,0.64,0.78,0.84,1.0,0.5,0.62,0
2025-04-21 12:00:00+00:00,0.30390802,0.5969270490897266,0.4643751426396333,-0.03469335,0.8634532785453485,0.4342987,0.62,0.78,0.82,1.0,0.5,0.62,1
2025-04-21 16:00:00+00:00,0.5605454,0.4887411571246047,0.538712700450462,0.002301184,0.4778725379598011,0.42077428,0.62,0.76,0.82,1.0,0.48,0.62,0
2025-04-21 20:00:00+00:00,0.6151273,0.0996811669992434,0.50065472318963,0.0026575013,0.4695693804206262,0.6132462,0.62,0.76,0.8,1.0,0.5,0.64,1
2025-04-22 12:00:00+00:00,0.7607376,0.8362531058082456,0.520004902329593,0.026805995,0.7487764453371786,0.66455764,0.62,0.76,0.8,1.0,0.5,0.64,0
2025-04-22 16:00:00+00:00,0.6739926,0.0924745874177578,0.5400211687529309,-0.0032032377,0.3446445990518898,0.4779081,0.62,0.74,0.78,1.0,0.5,0.64,1
2025-04-22 20:00:00+00:00,0.62691516,0.48116528101175,0.5240906693521195,0.004568263,0.149336262114502,0.38543704,0.62,0.74,0.78,1.0,0.5,0.66,1
2025-04-23 12:00:00+00:00,0.75080734,0.5348591283542858,0.5071265598875825,0.038978796,0.0775726892091808,0.40889925,0.62,0.76,0.76,1.0,0.52,0.68,0
2025-04-23 16:00:00+00:00,0.54761,0.1168981054427908,0.5119699926847482,-0.004282205,0.4036961900643663,0.4947252,0.62,0.76,0.74,1.0,0.54,0.7,0
2025-04-23 20:00:00+00:00,0.4519654,0.1366685987807542,0.6217765805145706,-0.0030120583,0.5337360283604687,0.5973634,0.62,0.76,0.72,1.0,0.54,0.7,1
2025-04-24 12:00:00+00:00,0.5169883,0.063344887488719,0.5506698408220363,0.0040284093,0.0519076192137635,0.5122434,0.64,0.78,0.7,1.0,0.54,0.7,1
2025-04-24 16:00:00+00:00,0.53152764,0.4528836889446739,0.5185165159430006,0.021597913,0.4588922008551224,0.5356794,0.64,0.78,0.7,1.0,0.56,0.68,1
2025-04-25 12:00:00+00:00,0.81897104,0.1806128555784643,0.4541908758405094,0.030442052,0.9082600009942052,0.6745411,0.62,0.8,0.7,1.0,0.58,0.66,1
2025-04-25 16:00:00+00:00,0.76751125,0.3370094314810201,0.4539204545514876,0.013509974,0.5966089736265036,0.77030337,0.6,0.8,0.7,1.0,0.56,0.66,1
2025-04-25 20:00:00+00:00,0.61476064,0.1307412838811171,0.5160627587937081,0.0035786356,0.5573042083364802,0.5978644,0.58,0.8,0.72,1.0,0.54,0.66,0
2025-04-28 12:00:00+00:00,0.44911107,0.0598255648314956,0.5320215933172436,-0.009571089,0.2777327168752187,0.29731372,0.56,0.8,0.72,1.0,0.52,0.64,1
2025-04-28 16:00:00+00:00,0.46055844,0.2194160944228506,0.5520908090402389,0.013420044,0.4886770408461329,0.44814053,0.56,0.82,0.7,1.0,0.54,0.64,0
2025-04-28 20:00:00+00:00,0.5144819,0.0518480518836148,0.5216198653913894,0.00040944642,0.8283222828535693,0.5691597,0.56,0.82,0.68,1.0,0.56,0.64,0
2025-04-29 12:00:00+00:00,0.5436886,0.292636469441244,0.5343043484261704,0.00036131803,0.169460176461232,0.4734304,0.54,0.82,0.66,1.0,0.54,0.62,1
2025-04-29 16:00:00+00:00,0.5889124,0.3736457095610453,0.5473618379786684,0.01200626,0.6970654959407502,0.57344556,0.52,0.82,0.64,1.0,0.56,0.62,0
2025-04-30 12:00:00+00:00,0.3604515,0.0259585862977564,0.4198170496048779,-0.01365064,0.2281004632398309,0.39966428,0.52,0.82,0.62,1.0,0.56,0.62,1
2025-04-30 16:00:00+00:00,0.38802373,0.0383430991835304,0.4706002133810975,0.003505598,0.3581456029154392,0.50071883,0.54,0.82,0.64,1.0,0.58,0.64,1
2025-05-01 12:00:00+00:00,0.44673237,0.0101031290616541,0.3969655987127835,0.0073171426,0.1371813577866993,0.62142944,0.56,0.84,0.64,1.0,0.6,0.62,0
2025-05-01 16:00:00+00:00,0.39832577,0.7380201525468714,0.4892692569203788,-0.003390049,0.4649624304844084,0.44930288,0.58,0.86,0.64,1.0,0.62,0.6,1
2025-05-02 12:00:00+00:00,0.5449693,0.0514962659461216,0.4731992456433342,0.0115730595,0.146128131669454,0.6875996,0.6,0.86,0.64,1.0,0.64,0.6,1
2025-05-02 16:00:00+00:00,0.5902281,0.1665986711168665,0.4583253878828314,0.0008138739,0.2179893769816453,0.62748486,0.58,0.86,0.64,1.0,0.66,0.6,0
2025-05-05 12:00:00+00:00,0.27429703,0.2241394580934864,0.4702751763216069,-0.015220603,0.5197190550062973,0.4609131,0.56,0.86,0.64,1.0,0.68,0.6,1
2025-05-05 16:00:00+00:00,0.59833264,0.2479161344361007,0.4942429239242969,0.010066959,0.272819611489877,0.73390925,0.56,0.86,0.64,1.0,0.66,0.6,0
2025-05-06 12:00:00+00:00,0.55208117,0.0173488344029942,0.5252136338276383,-0.016572539,0.1384650554816918,0.5078565,0.54,0.86,0.64,1.0,0.66,0.58,1
2025-05-06 16:00:00+00:00,0.5792002,0.0254628522337389,0.5337659326704566,0.0020609663,0.3255928730732034,0.6295845,0.52,0.86,0.62,1.0,0.68,0.56,0
2025-05-07 12:00:00+00:00,0.5756773,0.0084908016866641,0.6114813124203559,-0.007555914,0.7047427591593552,0.50032187,0.5,0.86,0.6,1.0,0.68,0.54,1
2025-05-07 16:00:00+00:00,0.5926346,0.5705782046648967,0.6069594016040054,0.0034846163,0.3107520289398644,0.61436534,0.48,0.86,0.58,1.0,0.66,0.52,1
2025-05-08 12:00:00+00:00,0.74065566,0.401655048663785,0.5039291663635063,0.018574318,0.8048427775496756,0.6123268,0.46,0.84,0.56,1.0,0.66,0.5,0
2025-05-08 16:00:00+00:00,0.5710701,0.4633424415200428,0.4846492630509297,-0.0016442412,0.4404515295046937,0.5007452,0.44,0.84,0.56,1.0,0.66,0.5,1
2025-05-09 12:00:00+00:00,0.8269745,0.3871338841970867,0.4022726937157641,0.01702781,0.3225569618904459,0.6950386,0.44,0.84,0.56,1.0,0.66,0.5,0
2025-05-09 16:00:00+00:00,0.57411164,0.2206698061220637,0.5491770639665382,0.007599905,0.2704913092366628,0.58589053,0.42,0.84,0.56,1.0,0.68,0.48,1
2025-05-12 12:00:00+00:00,0.72036827,0.8307120913057309,0.2680910328422906,0.02830436,0.1022949214468242,0.5367456,0.4,0.84,0.54,1.0,0.68,0.46,1
2025-05-12 16:00:00+00:00,0.5837155,0.0847657337190625,0.3180903865628111,0.022816136,0.3105657500776997,0.6421986,0.4,0.84,0.54,1.0,0.7,0.44,0
2025-05-12 20:00:00+00:00,0.5453136,0.0760230828731995,0.5606716585468453,0.0043777223,0.5735088033178307,0.59920806,0.4,0.86,0.54,1.0,0.7,0.42,1
2025-05-13 12:00:00+00:00,0.6218719,0.4446971218201838,0.5162271452790226,0.0053494195,0.2220260427599922,0.68894434,0.38,0.86,0.52,1.0,0.7,0.4,1
2025-05-13 16:00:00+00:00,0.76759267,0.5162978841068193,0.3846516038299009,0.014988366,0.8396714774032054,0.35073912,0.36,0.86,0.5,1.0,0.72,0.38,0
2025-05-13 20:00:00+00:00,0.6404466,0.3991630223905244,0.5164800563653447,-0.0070408313,0.4830587273996896,0.58163565,0.34,0.84,0.5,1.0,0.7,0.38,1
2025-05-14 12:00:00+00:00,0.8134662,0.6132517854252276,0.3355476331707387,0.018435983,0.1000507227635125,0.50238633,0.32,0.84,0.48,1.0,0.7,0.38,1
2025-05-14 16:00:00+00:00,0.7251549,0.2060942608292597,0.4272292030935766,0.0022049283,0.0981301595208487,0.5972715,0.3,0.82,0.48,1.0,0.72,0.36,1
2025-05-14 20:00:00+00:00,0.7292694,0.202824140499227,0.5838358062500562,-0.0013931398,0.5438752749238814,0.84621584,0.28,0.84,0.48,1.0,0.72,0.36,0
2025-05-15 12:00:00+00:00,0.5831983,0.2981722899493255,0.4829750974195202,-0.016102025,0.0413796899757949,0.35189024,0.26,0.84,0.46,1.0,0.7,0.36,1
2025-05-15 16:00:00+00:00,0.5999887,0.0496106636262172,0.501841505948952,0.005328363,0.0744213389007465,0.61390877,0.24,0.84,0.46,1.0,0.7,0.36,0
2025-05-15 20:00:00+00:00,0.62187433,0.8724262986288621,0.5214705118882497,-0.0036619736,0.2758298491565767,0.6447615,0.22,0.84,0.44,1.0,0.7,0.34,1
2025-05-16 12:00:00+00:00,0.66605604,0.3851301554690562,0.6188124370874976,0.0043339613,0.0881175929661382,0.6572356,0.2,0.82,0.42,1.0,0.7,0.32,1
